Year,Jurisdiction,Month,Area (hectares),Number
1990,Alberta,January,0.1,1
1990,Alberta,October,182.4,34
1990,Alberta,November,42.5,16
1990,Alberta,December,0.4,4
1990,Alberta,February,3.3,5
1990,Alberta,March,6.6,8
1990,Alberta,April,25.1,26
1990,Alberta,May,624.2,110
1990,Alberta,June,1704.3,196
1990,Alberta,July,14934.4,422
1990,Alberta,August,14245.8,362
1990,Alberta,September,2315.8,117
1991,Alberta,January,86.2,9
1991,Alberta,October,137.6,65
1991,Alberta,November,0.7,6
1991,Alberta,December,35.8,7
1991,Alberta,February,0.8,4
1991,Alberta,March,117.5,8
1991,Alberta,April,1158.0,111
1991,Alberta,May,3467.6,197
1991,Alberta,June,87.2,111
1991,Alberta,July,115.4,119
1991,Alberta,August,784.1,234
1991,Alberta,September,173.9,53
1992,Alberta,January,12.0,14
1992,Alberta,October,79.7,29
1992,Alberta,November,5.3,15
1992,Alberta,December,0.4,4
1992,Alberta,February,54.2,11
1992,Alberta,March,248.3,61
1992,Alberta,April,1254.0,110
1992,Alberta,May,419.8,91
1992,Alberta,June,706.0,147
1992,Alberta,July,268.0,221
1992,Alberta,August,494.8,339
1992,Alberta,September,5.5,14
1993,Alberta,January,2.7,8
1993,Alberta,October,49.3,19
1993,Alberta,November,8.1,7
1993,Alberta,December,0.01,1
1993,Alberta,February,39.3,12
1993,Alberta,March,227.1,28
1993,Alberta,April,301.1,52
1993,Alberta,May,6474.5,241
1993,Alberta,June,18539.4,314
1993,Alberta,July,127.3,108
1993,Alberta,August,284.6,35
1993,Alberta,September,7.0,17
1994,Alberta,January,15.22,4
1994,Alberta,October,26.54,25
1994,Alberta,November,22.92,30
1994,Alberta,December,14.8,9
1994,Alberta,March,31.9,12
1994,Alberta,April,868.33,64
1994,Alberta,May,2630.99,131
1994,Alberta,June,6581.28,206
1994,Alberta,July,17069.01,210
1994,Alberta,August,1112.48,105
1994,Alberta,September,1208.76,81
1995,Alberta,January,1.45,10
1995,Alberta,October,41.68,33
1995,Alberta,November,0.41,4
1995,Alberta,February,10.32,6
1995,Alberta,March,289.35,29
1995,Alberta,April,578.92,57
1995,Alberta,May,330663.75,213
1995,Alberta,June,3784.88,267
1995,Alberta,July,99.01,95
1995,Alberta,August,2109.76,26
1995,Alberta,September,370.03,58
1996,Alberta,January,0.12,1
1996,Alberta,October,2.01,7
1996,Alberta,November,0.21,2
1996,Alberta,December,0.35,2
1996,Alberta,March,1.1,1
1996,Alberta,April,92.67,26
1996,Alberta,May,522.03,56
1996,Alberta,June,533.69,106
1996,Alberta,July,775.27,86
1996,Alberta,August,21.79,75
1996,Alberta,September,12.15,14
1997,Alberta,January,0.01,1
1997,Alberta,October,0.31,3
1997,Alberta,November,0.1,1
1997,Alberta,December,3896.84,32
1997,Alberta,March,24.7,4
1997,Alberta,April,117.18,24
1997,Alberta,May,356.11,120
1997,Alberta,June,49.9,32
1997,Alberta,July,212.55,143
1997,Alberta,August,60.12,79
1997,Alberta,September,7.13,17
1998,Alberta,October,311.05,60
1998,Alberta,November,0.94,10
1998,Alberta,December,1.03,9
1998,Alberta,March,0.5,2
1998,Alberta,April,1362.21,152
1998,Alberta,May,349600.58,402
1998,Alberta,June,27747.45,261
1998,Alberta,July,722.71,186
1998,Alberta,August,347172.87,533
1998,Alberta,September,48.73,83
1999,Alberta,January,17.72,4
1999,Alberta,October,517.04,84
1999,Alberta,November,505.63,29
1999,Alberta,December,195.8,28
1999,Alberta,March,3.61,5
1999,Alberta,April,1286.71,133
1999,Alberta,May,36135.36,119
1999,Alberta,June,26177.56,207
1999,Alberta,July,52406.89,275
1999,Alberta,August,1708.2,427
1999,Alberta,September,1550.25,44
2000,Alberta,January,3.79,8
2000,Alberta,October,17.99,14
2000,Alberta,November,0.28,5
2000,Alberta,December,0.01,1
2000,Alberta,February,4.72,8
2000,Alberta,March,1083.43,28
2000,Alberta,April,2917.4,134
2000,Alberta,May,732.37,104
2000,Alberta,June,6422.04,242
2000,Alberta,July,1376.31,163
2000,Alberta,August,2175.6,66
2000,Alberta,September,1.96,10
2001,Alberta,January,0.17,4
2001,Alberta,October,72.93,56
2001,Alberta,November,1.52,22
2001,Alberta,December,0.62,10
2001,Alberta,February,0.02,2
2001,Alberta,March,50.96,27
2001,Alberta,April,1115.04,76
2001,Alberta,May,142105.52,281
2001,Alberta,June,671.99,174
2001,Alberta,July,365.38,186
2001,Alberta,August,128.44,83
2001,Alberta,September,9591.14,53
2002,Alberta,January,20.21,10
2002,Alberta,October,1.82,22
2002,Alberta,November,82.12,19
2002,Alberta,December,0.33,5
2002,Alberta,February,0.04,3
2002,Alberta,March,0.04,3
2002,Alberta,April,295.5,32
2002,Alberta,May,240234.17,256
2002,Alberta,June,254575.37,567
2002,Alberta,July,1096.65,352
2002,Alberta,August,106.94,118
2002,Alberta,September,6.02,58
2003,Alberta,January,115.91,13
2003,Alberta,October,1732.65,57
2003,Alberta,November,1.11,14
2003,Alberta,December,4.05,7
2003,Alberta,February,0.04,4
2003,Alberta,April,157.55,32
2003,Alberta,May,1715.56,263
2003,Alberta,June,576.24,200
2003,Alberta,July,68602.13,309
2003,Alberta,August,1682.37,234
2003,Alberta,September,319.31,58
2004,Alberta,January,2.02,3
2004,Alberta,October,18.58,27
2004,Alberta,November,0.22,3
2004,Alberta,December,1.01,2
2004,Alberta,February,5.04,3
2004,Alberta,March,76.24,8
2004,Alberta,April,2352.83,228
2004,Alberta,May,1244.66,297
2004,Alberta,June,822.15,270
2004,Alberta,July,230996.67,613
2004,Alberta,August,321.49,115
2004,Alberta,September,322.47,42
2005,Alberta,January,0.51,3
2005,Alberta,October,43.19,34
2005,Alberta,November,54.5,30
2005,Alberta,December,4.6,9
2005,Alberta,February,1.15,8
2005,Alberta,March,8.56,4
2005,Alberta,April,659.82,200
2005,Alberta,May,11483.19,438
2005,Alberta,June,46606.35,261
2005,Alberta,July,1827.93,238
2005,Alberta,August,27.53,85
2005,Alberta,September,8.81,64
2006,Alberta,January,5.23,22
2006,Alberta,October,173.2,56
2006,Alberta,November,0.34,6
2006,Alberta,December,0.84,4
2006,Alberta,February,34.49,19
2006,Alberta,March,7.45,48
2006,Alberta,April,3574.81,350
2006,Alberta,May,3192.94,388
2006,Alberta,June,89315.48,325
2006,Alberta,July,20460.3,521
2006,Alberta,August,1979.82,149
2006,Alberta,September,56.85,139
2007,Alberta,January,4.86,6
2007,Alberta,October,11.19,59
2007,Alberta,November,31.81,26
2007,Alberta,December,0.24,5
2007,Alberta,February,0.3,3
2007,Alberta,March,2.13,7
2007,Alberta,April,392.58,126
2007,Alberta,May,925.69,233
2007,Alberta,June,22923.54,257
2007,Alberta,July,79316.75,394
2007,Alberta,August,7.05,157
2007,Alberta,September,2.86,64
2008,Alberta,January,10.68,8
2008,Alberta,October,125.01,86
2008,Alberta,November,4.64,20
2008,Alberta,December,0.2,1
2008,Alberta,February,2.91,3
2008,Alberta,March,43.25,17
2008,Alberta,April,105.45,102
2008,Alberta,May,1943.42,438
2008,Alberta,June,4540.98,339
2008,Alberta,July,12390.54,412
2008,Alberta,August,1488.59,221
2008,Alberta,September,133.16,75
2009,Alberta,January,13.83,7
2009,Alberta,October,2.59,44
2009,Alberta,November,990.87,16
2009,Alberta,December,0.23,5
2009,Alberta,February,40.98,9
2009,Alberta,March,0.11,2
2009,Alberta,April,235.69,126
2009,Alberta,May,2093.22,490
2009,Alberta,June,61690.74,454
2009,Alberta,July,217.16,170
2009,Alberta,August,59.97,178
2009,Alberta,September,1557.45,172
2010,Alberta,January,0.06,5
2010,Alberta,October,321.62,60
2010,Alberta,November,50.27,24
2010,Alberta,December,0.02,2
2010,Alberta,February,0.73,4
2010,Alberta,March,98.73,46
2010,Alberta,April,655.57,334
2010,Alberta,May,1137.11,378
2010,Alberta,June,38202.15,335
2010,Alberta,July,40671.98,488
2010,Alberta,August,182.22,171
2010,Alberta,September,2.58,45
2011,Alberta,January,0.21,2
2011,Alberta,October,99.94,43
2011,Alberta,November,7.67,28
2011,Alberta,December,0.03,3
2011,Alberta,March,0.01,1
2011,Alberta,April,110.08,137
2011,Alberta,May,731062.39,403
2011,Alberta,June,73753.72,109
2011,Alberta,July,114.01,172
2011,Alberta,August,312.57,154
2011,Alberta,September,427.55,121
2012,Alberta,January,1.42,14
2012,Alberta,October,20.06,40
2012,Alberta,November,0.03,2
2012,Alberta,February,0.32,3
2012,Alberta,March,164.94,31
2012,Alberta,April,124.68,122
2012,Alberta,May,7626.49,454
2012,Alberta,June,199677.32,118
2012,Alberta,July,163603.06,385
2012,Alberta,August,13330.35,266
2012,Alberta,September,1269.75,170
2013,Alberta,January,0.1,1
2013,Alberta,October,12.41,25
2013,Alberta,November,0.33,13
2013,Alberta,December,0.04,1
2013,Alberta,February,3.77,2
2013,Alberta,March,2.27,9
2013,Alberta,April,40.11,35
2013,Alberta,May,2380.09,524
2013,Alberta,June,11338.2,121
2013,Alberta,July,5740.03,193
2013,Alberta,August,57.47,164
2013,Alberta,September,4.02,130
2014,Alberta,January,1.86,8
2014,Alberta,October,66.7,39
2014,Alberta,November,0.77,15
2014,Alberta,December,0.3,2
2014,Alberta,March,1.26,11
2014,Alberta,April,392.68,80
2014,Alberta,May,355.15,359
2014,Alberta,June,1109.34,264
2014,Alberta,July,20925.63,311
2014,Alberta,August,446.45,249
2014,Alberta,September,392.57,113
2015,Alberta,January,1.27,2
2015,Alberta,October,79.06,62
2015,Alberta,November,7.09,23
2015,Alberta,December,1.01,8
2015,Alberta,February,0.2,4
2015,Alberta,March,13.47,32
2015,Alberta,April,627.18,272
2015,Alberta,May,48023.19,493
2015,Alberta,June,397383.82,459
2015,Alberta,July,20066.22,300
2015,Alberta,August,65.03,149
2015,Alberta,September,49.76,52
2016,Alberta,January,0.37,7
2016,Alberta,October,0.5,13
2016,Alberta,November,0.69,12
2016,Alberta,December,11.82,4
2016,Alberta,February,5.73,12
2016,Alberta,March,22.02,61
2016,Alberta,April,2566.82,282
2016,Alberta,May,498401.82,247
2016,Alberta,June,4764.32,391
2016,Alberta,July,1056.33,204
2016,Alberta,August,168.49,122
2016,Alberta,September,58.13,81
2017,Alberta,January,0.71,3
2017,Alberta,October,1701.19,49
2017,Alberta,November,0.33,5
2017,Alberta,December,9.16,3
2017,Alberta,February,89.82,3
2017,Alberta,March,14.66,14
2017,Alberta,April,592.97,97
2017,Alberta,May,1287.29,329
2017,Alberta,June,921.71,164
2017,Alberta,July,1156.52,257
2017,Alberta,August,27774.87,247
2017,Alberta,September,15684.08,73
2018,Alberta,January,0.11,2
2018,Alberta,October,232.0,51
2018,Alberta,November,4.34,6
2018,Alberta,December,397.79,3
2018,Alberta,March,2.1,18
2018,Alberta,April,117.07,95
2018,Alberta,May,30217.75,438
2018,Alberta,June,12959.45,320
2018,Alberta,July,7286.24,147
2018,Alberta,August,8925.36,160
2018,Alberta,September,43.01,59
2019,Alberta,January,2.19,14
2019,Alberta,October,8.79,16
2019,Alberta,November,0.01,1
2019,Alberta,December,0.1,1
2019,Alberta,February,0.01,1
2019,Alberta,March,14.01,34
2019,Alberta,April,612.58,182
2019,Alberta,May,815383.27,306
2019,Alberta,June,2926.29,172
2019,Alberta,July,66961.69,192
2019,Alberta,August,3.13,73
2019,Alberta,September,31.17,29
1990,British Columbia,October,122.7,60
1990,British Columbia,November,0.8,6
1990,British Columbia,February,0.7,3
1990,British Columbia,March,123.0,35
1990,British Columbia,April,435.1,147
1990,British Columbia,May,3443.9,235
1990,British Columbia,June,79.9,95
1990,British Columbia,July,25045.7,775
1990,British Columbia,August,11674.3,1563
1990,British Columbia,September,34855.7,336
1991,British Columbia,January,0.2,2
1991,British Columbia,October,2278.3,248
1991,British Columbia,November,0.5,5
1991,British Columbia,February,1076.7,5
1991,British Columbia,March,161.9,25
1991,British Columbia,April,2603.1,204
1991,British Columbia,May,3840.3,193
1991,British Columbia,June,3411.8,291
1991,British Columbia,July,192.4,296
1991,British Columbia,August,9646.1,572
1991,British Columbia,September,1497.5,172
1992,British Columbia,January,7.0,6
1992,British Columbia,October,116.8,126
1992,British Columbia,November,0.4,4
1992,British Columbia,December,0.0,1
1992,British Columbia,February,2.1,2
1992,British Columbia,March,175.3,70
1992,British Columbia,April,1206.5,155
1992,British Columbia,May,6740.3,243
1992,British Columbia,June,5844.3,705
1992,British Columbia,July,11631.1,493
1992,British Columbia,August,4350.9,1803
1992,British Columbia,September,378.1,197
1993,British Columbia,January,20.5,3
1993,British Columbia,October,370.6,119
1993,British Columbia,November,16.7,10
1993,British Columbia,February,243.1,16
1993,British Columbia,March,146.2,34
1993,British Columbia,April,186.8,77
1993,British Columbia,May,910.9,322
1993,British Columbia,June,1108.1,189
1993,British Columbia,July,233.4,153
1993,British Columbia,August,632.0,274
1993,British Columbia,September,1315.1,300
1994,British Columbia,January,2.9,6
1994,British Columbia,October,84.6,70
1994,British Columbia,November,0.1,1
1994,British Columbia,February,0.1,2
1994,British Columbia,March,287.0,66
1994,British Columbia,April,652.8,142
1994,British Columbia,May,730.7,212
1994,British Columbia,June,942.9,172
1994,British Columbia,July,15226.0,1030
1994,British Columbia,August,11037.9,2118
1994,British Columbia,September,790.3,238
1995,British Columbia,January,6.6,5
1995,British Columbia,October,9.3,15
1995,British Columbia,November,1.8,5
1995,British Columbia,February,2.5,5
1995,British Columbia,March,144.3,61
1995,British Columbia,April,612.5,181
1995,British Columbia,May,17251.4,316
1995,British Columbia,June,28238.6,281
1995,British Columbia,July,427.3,277
1995,British Columbia,August,85.0,90
1995,British Columbia,September,1300.7,238
1996,British Columbia,January,0.6,5
1996,British Columbia,October,42.8,16
1996,British Columbia,November,0.2,1
1996,British Columbia,December,0.2,2
1996,British Columbia,February,4.1,3
1996,British Columbia,March,30.9,31
1996,British Columbia,April,223.2,60
1996,British Columbia,May,172.4,82
1996,British Columbia,June,12766.5,155
1996,British Columbia,July,6324.4,452
1996,British Columbia,August,1077.5,489
1996,British Columbia,September,26.3,64
1997,British Columbia,October,2.1,3
1997,British Columbia,November,2.1,3
1997,British Columbia,December,90.1,2
1997,British Columbia,February,0.3,2
1997,British Columbia,March,3.5,6
1997,British Columbia,April,129.8,86
1997,British Columbia,May,500.8,131
1997,British Columbia,June,449.1,95
1997,British Columbia,July,1144.6,172
1997,British Columbia,August,340.0,514
1997,British Columbia,September,305.4,162
1998,British Columbia,January,4.1,3
1998,British Columbia,October,201.1,43
1998,British Columbia,November,8.2,4
1998,British Columbia,February,0.0,3
1998,British Columbia,March,111.201,24
1998,British Columbia,April,1168.028,148
1998,British Columbia,May,1402.739,259
1998,British Columbia,June,654.708,143
1998,British Columbia,July,47502.518,674
1998,British Columbia,August,22734.168,870
1998,British Columbia,September,2773.952,473
1999,British Columbia,October,1018.869,82
1999,British Columbia,November,4.6,6
1999,British Columbia,December,79.01,8
1999,British Columbia,February,4.0,2
1999,British Columbia,March,91.509,8
1999,British Columbia,April,1152.723,92
1999,British Columbia,May,236.063,83
1999,British Columbia,June,1604.554,118
1999,British Columbia,July,2644.284,168
1999,British Columbia,August,3853.28,522
1999,British Columbia,September,866.518,109
2000,British Columbia,October,297.469,50
2000,British Columbia,November,9.737,8
2000,British Columbia,December,0.009,1
2000,British Columbia,February,1.018,3
2000,British Columbia,March,69.05,17
2000,British Columbia,April,819.063,156
2000,British Columbia,May,360.46,81
2000,British Columbia,June,11707.895,129
2000,British Columbia,July,1418.504,392
2000,British Columbia,August,2796.383,603
2000,British Columbia,September,72.424,86
2001,British Columbia,January,15.009,5
2001,British Columbia,October,102.072,59
2001,British Columbia,November,14.763,13
2001,British Columbia,February,0.5,1
2001,British Columbia,March,138.177,30
2001,British Columbia,April,526.84,127
2001,British Columbia,May,570.01,251
2001,British Columbia,June,805.478,96
2001,British Columbia,July,1437.215,322
2001,British Columbia,August,5915.537,255
2001,British Columbia,September,301.348,132
2002,British Columbia,January,11.509,3
2002,British Columbia,October,386.031,86
2002,British Columbia,November,114.023,32
2002,British Columbia,December,73.809,6
2002,British Columbia,February,0.509,3
2002,British Columbia,March,9.209,5
2002,British Columbia,April,892.043,140
2002,British Columbia,May,917.089,159
2002,British Columbia,June,3733.609,238
2002,British Columbia,July,1676.876,404
2002,British Columbia,August,645.583,588
2002,British Columbia,September,110.27,108
2003,British Columbia,January,9.227,5
2003,British Columbia,October,15.481,40
2003,British Columbia,November,60.618,16
2003,British Columbia,February,14.018,3
2003,British Columbia,March,84.007,19
2003,British Columbia,April,528.576,98
2003,British Columbia,May,2717.306,144
2003,British Columbia,June,2643.991,271
2003,British Columbia,July,112115.409,552
2003,British Columbia,August,145353.6,1114
2003,British Columbia,September,1371.329,195
2004,British Columbia,October,145.804,35
2004,British Columbia,November,2.3,2
2004,British Columbia,December,2.0,1
2004,British Columbia,February,1.409,2
2004,British Columbia,March,139.99,43
2004,British Columbia,April,825.842,178
2004,British Columbia,May,112.712,131
2004,British Columbia,June,178229.936,637
2004,British Columbia,July,32901.083,623
2004,British Columbia,August,7624.925,715
2004,British Columbia,September,301.476,38
2005,British Columbia,January,0.018,2
2005,British Columbia,October,0.545,8
2005,British Columbia,November,194.639,7
2005,British Columbia,February,40.927,9
2005,British Columbia,March,314.455,15
2005,British Columbia,April,546.33,115
2005,British Columbia,May,26341.698,270
2005,British Columbia,June,484.343,89
2005,British Columbia,July,5765.023,145
2005,British Columbia,August,1028.066,250
2005,British Columbia,September,226.022,84
2006,British Columbia,January,67.2,3
2006,British Columbia,October,269.503,80
2006,British Columbia,November,0.109,2
2006,British Columbia,February,6.019,3
2006,British Columbia,March,8.309,9
2006,British Columbia,April,1898.536,174
2006,British Columbia,May,3722.012,202
2006,British Columbia,June,37090.341,230
2006,British Columbia,July,84068.044,1072
2006,British Columbia,August,2357.783,503
2006,British Columbia,September,9662.936,282
2007,British Columbia,January,0.1,1
2007,British Columbia,October,78.965,15
2007,British Columbia,November,15.839,4
2007,British Columbia,December,0.01,1
2007,British Columbia,February,0.03,2
2007,British Columbia,March,95.747,17
2007,British Columbia,April,507.777,76
2007,British Columbia,May,536.83,159
2007,British Columbia,June,9627.606,108
2007,British Columbia,July,12754.767,612
2007,British Columbia,August,5578.425,506
2007,British Columbia,September,289.408,106
2008,British Columbia,January,0.05,1
2008,British Columbia,October,487.238,66
2008,British Columbia,November,7.637,7
2008,British Columbia,December,0.009,1
2008,British Columbia,February,19.0,1
2008,British Columbia,March,31.47,10
2008,British Columbia,April,786.584,117
2008,British Columbia,May,5794.668,160
2008,British Columbia,June,1735.394,170
2008,British Columbia,July,2375.256,596
2008,British Columbia,August,1743.446,777
2008,British Columbia,September,366.536,119
2009,British Columbia,January,312.468,5
2009,British Columbia,October,170.844,49
2009,British Columbia,November,15.709,4
2009,British Columbia,February,1.059,4
2009,British Columbia,March,24.673,17
2009,British Columbia,April,1708.517,163
2009,British Columbia,May,35094.051,196
2009,British Columbia,June,3669.817,458
2009,British Columbia,July,168036.336,1189
2009,British Columbia,August,37125.742,628
2009,British Columbia,September,1184.252,336
2010,British Columbia,January,0.3,1
2010,British Columbia,October,498.305,51
2010,British Columbia,November,35.654,11
2010,British Columbia,December,0.1,1
2010,British Columbia,February,3.8,1
2010,British Columbia,March,82.928,30
2010,British Columbia,April,1186.398,135
2010,British Columbia,May,2266.734,87
2010,British Columbia,June,41695.365,123
2010,British Columbia,July,280236.707,808
2010,British Columbia,August,10998.495,392
2010,British Columbia,September,162.412,49
2011,British Columbia,January,0.409,2
2011,British Columbia,October,235.645,37
2011,British Columbia,November,103.127,5
2011,British Columbia,February,0.018,2
2011,British Columbia,March,16.655,9
2011,British Columbia,April,178.617,44
2011,British Columbia,May,11250.123,65
2011,British Columbia,June,90.242,65
2011,British Columbia,July,78.537,102
2011,British Columbia,August,266.698,216
2011,British Columbia,September,342.814,99
2012,British Columbia,January,0.505,2
2012,British Columbia,October,210.295,83
2012,British Columbia,November,0.018,2
2012,British Columbia,December,0.009,1
2012,British Columbia,February,0.109,2
2012,British Columbia,March,41.4,6
2012,British Columbia,April,581.6,74
2012,British Columbia,May,1154.161,168
2012,British Columbia,June,2785.488,55
2012,British Columbia,July,41431.631,414
2012,British Columbia,August,54768.5,629
2012,British Columbia,September,1142.941,204
2013,British Columbia,January,14.7,1
2013,British Columbia,October,537.961,43
2013,British Columbia,November,0.04,1
2013,British Columbia,December,1.4,2
2013,British Columbia,March,49.245,21
2013,British Columbia,April,2683.244,85
2013,British Columbia,May,1011.073,128
2013,British Columbia,June,4536.343,100
2013,British Columbia,July,2160.106,365
2013,British Columbia,August,3493.303,992
2013,British Columbia,September,3815.684,129
2014,British Columbia,January,0.009,1
2014,British Columbia,October,93.929,40
2014,British Columbia,December,0.069,2
2014,British Columbia,February,38.018,4
2014,British Columbia,March,53.368,10
2014,British Columbia,April,653.94,107
2014,British Columbia,May,2267.561,105
2014,British Columbia,June,37004.468,132
2014,British Columbia,July,305023.733,485
2014,British Columbia,August,23459.327,496
2014,British Columbia,September,331.764,87
2015,British Columbia,October,32.468,27
2015,British Columbia,November,0.118,3
2015,British Columbia,December,0.009,1
2015,British Columbia,February,6.5,2
2015,British Columbia,March,292.704,30
2015,British Columbia,April,867.395,82
2015,British Columbia,May,139298.593,309
2015,British Columbia,June,91354.615,440
2015,British Columbia,July,31237.114,535
2015,British Columbia,August,17770.445,403
2015,British Columbia,September,4.3,31
2016,British Columbia,January,0.748,3
2016,British Columbia,October,29.372,12
2016,British Columbia,November,0.919,3
2016,British Columbia,February,411.209,7
2016,British Columbia,March,424.445,27
2016,British Columbia,April,91172.189,158
2016,British Columbia,May,288.288,127
2016,British Columbia,June,1198.928,161
2016,British Columbia,July,5164.174,205
2016,British Columbia,August,1675.297,323
2016,British Columbia,September,12.062,42
2017,British Columbia,January,0.009,1
2017,British Columbia,October,513.083,64
2017,British Columbia,November,1.22,4
2017,British Columbia,February,150.009,2
2017,British Columbia,March,19.256,10
2017,British Columbia,April,108.389,39
2017,British Columbia,May,864.437,90
2017,British Columbia,June,4135.645,142
2017,British Columbia,July,1130131.327,594
2017,British Columbia,August,76936.629,299
2017,British Columbia,September,3279.204,104
2018,British Columbia,January,0.009,1
2018,British Columbia,October,199.637,45
2018,British Columbia,November,0.018,2
2018,British Columbia,December,6.399,2
2018,British Columbia,March,140.502,14
2018,British Columbia,April,268.258,50
2018,British Columbia,May,36551.165,175
2018,British Columbia,June,11542.169,325
2018,British Columbia,July,603465.584,670
2018,British Columbia,August,701699.429,755
2018,British Columbia,September,128.809,50
2019,British Columbia,October,4.545,16
2019,British Columbia,November,93.267,7
2019,British Columbia,February,0.93,1
2019,British Columbia,March,436.815,27
2019,British Columbia,April,513.573,85
2019,British Columbia,May,10093.178,135
2019,British Columbia,June,468.211,191
2019,British Columbia,July,2467.828,152
2019,British Columbia,August,7357.923,125
2019,British Columbia,September,70.254,95
2020,British Columbia,March,87.556,19
1990,Manitoba,October,2123.4,36
1990,Manitoba,November,324.8,13
1990,Manitoba,December,0.2,1
1990,Manitoba,April,2774.5,39
1990,Manitoba,May,337.9,71
1990,Manitoba,June,400.6,85
1990,Manitoba,July,5377.4,90
1990,Manitoba,August,4754.3,176
1990,Manitoba,September,51.9,51
1991,Manitoba,January,40.7,5
1991,Manitoba,October,61.0,6
1991,Manitoba,February,0.5,3
1991,Manitoba,March,808.1,12
1991,Manitoba,April,22329.2,109
1991,Manitoba,May,61853.6,75
1991,Manitoba,June,582.2,77
1991,Manitoba,July,41440.5,142
1991,Manitoba,August,23712.6,222
1991,Manitoba,September,157.3,21
1992,Manitoba,October,8.6,4
1992,Manitoba,February,566.0,1
1992,Manitoba,March,0.3,1
1992,Manitoba,April,192.3,7
1992,Manitoba,May,3461.2,76
1992,Manitoba,June,267155.1,45
1992,Manitoba,July,150466.9,57
1992,Manitoba,August,11848.8,102
1992,Manitoba,September,74.6,5
1993,Manitoba,October,0.1,1
1993,Manitoba,March,650.0,2
1993,Manitoba,April,1313.4,39
1993,Manitoba,May,905.8,67
1993,Manitoba,June,62061.7,97
1993,Manitoba,July,2340.1,24
1993,Manitoba,August,2.6,6
1993,Manitoba,September,0.7,3
1994,Manitoba,October,765.0,7
1994,Manitoba,November,0.1,1
1994,Manitoba,March,25.0,1
1994,Manitoba,April,2695.8,49
1994,Manitoba,May,4105.1,115
1994,Manitoba,June,890225.1,170
1994,Manitoba,July,352706.0,82
1994,Manitoba,August,158771.7,73
1994,Manitoba,September,19491.9,57
1995,Manitoba,October,2989.9,21
1995,Manitoba,April,935.9,13
1995,Manitoba,May,37707.6,154
1995,Manitoba,June,789658.1,344
1995,Manitoba,July,57393.9,90
1995,Manitoba,August,429.1,28
1995,Manitoba,September,122.7,12
1996,Manitoba,October,6.5,4
1996,Manitoba,April,0.2,1
1996,Manitoba,May,2587.4,77
1996,Manitoba,June,40539.6,103
1996,Manitoba,July,51528.1,155
1996,Manitoba,August,16851.3,59
1996,Manitoba,September,13811.2,23
1997,Manitoba,October,3.0,1
1997,Manitoba,April,100.7,8
1997,Manitoba,May,943.2,83
1997,Manitoba,June,7365.4,87
1997,Manitoba,July,18738.2,102
1997,Manitoba,August,14637.8,83
1997,Manitoba,September,10.6,8
1998,Manitoba,October,0.1,1
1998,Manitoba,November,3.2,1
1998,Manitoba,April,4262.3,110
1998,Manitoba,May,245.8,51
1998,Manitoba,June,174508.6,52
1998,Manitoba,July,111672.7,136
1998,Manitoba,August,42853.2,106
1998,Manitoba,September,171.3,50
1999,Manitoba,January,0.4,2
1999,Manitoba,October,1.7,5
1999,Manitoba,April,18201.7,133
1999,Manitoba,May,34930.6,104
1999,Manitoba,June,24762.9,115
1999,Manitoba,July,7269.6,125
1999,Manitoba,August,25227.8,112
1999,Manitoba,September,58.8,17
2004,Manitoba,April,84.0,5
2004,Manitoba,May,275.5,8
2004,Manitoba,June,22.0,2
2004,Manitoba,July,25105.3,35
2004,Manitoba,August,312.1,2
2005,Manitoba,October,0.2,2
2005,Manitoba,April,926.5,30
2005,Manitoba,May,126.2,31
2005,Manitoba,June,3191.7,22
2005,Manitoba,July,67982.8,140
2005,Manitoba,August,452.8,21
2005,Manitoba,September,0.4,2
2006,Manitoba,October,130.0,6
2006,Manitoba,November,2690.0,1
2006,Manitoba,April,339.4,44
2006,Manitoba,May,316.6,26
2006,Manitoba,June,149288.9,237
2006,Manitoba,July,2078.2,172
2006,Manitoba,August,11058.2,115
2006,Manitoba,September,149.0,81
2007,Manitoba,October,10.0,1
2007,Manitoba,April,3482.1,37
2007,Manitoba,May,1073.1,53
2007,Manitoba,June,1928.5,71
2007,Manitoba,July,329558.6,161
2007,Manitoba,August,74.6,50
2007,Manitoba,September,153.9,9
2008,Manitoba,October,40.5,2
2008,Manitoba,April,2199.7,18
2008,Manitoba,May,70975.7,154
2008,Manitoba,June,27867.3,123
2008,Manitoba,July,10181.3,40
2008,Manitoba,August,39407.3,54
2008,Manitoba,September,0.8,6
2009,Manitoba,October,46.3,17
2009,Manitoba,April,0.4,2
2009,Manitoba,May,1871.0,35
2009,Manitoba,June,692.7,72
2009,Manitoba,July,110.1,21
2009,Manitoba,August,19.2,11
2009,Manitoba,September,132.3,26
2010,Manitoba,April,3994.5,90
2010,Manitoba,May,423.4,62
2010,Manitoba,June,3923.2,79
2010,Manitoba,July,24216.2,211
2010,Manitoba,August,32700.9,115
2010,Manitoba,September,122235.9,26
2011,Manitoba,October,10744.4,26
2011,Manitoba,November,34026.0,6
2011,Manitoba,April,20.9,5
2011,Manitoba,May,74.2,37
2011,Manitoba,June,208.6,38
2011,Manitoba,July,48765.0,104
2011,Manitoba,August,32829.7,82
2011,Manitoba,September,175.5,17
2012,Manitoba,October,6386.9,6
2012,Manitoba,March,2093.6,11
2012,Manitoba,April,3611.6,51
2012,Manitoba,May,11681.5,40
2012,Manitoba,June,9403.1,61
2012,Manitoba,July,179474.6,263
2012,Manitoba,August,2983.2,43
2012,Manitoba,September,1253.8,22
2013,Manitoba,November,0.1,1
2013,Manitoba,April,4.2,3
2013,Manitoba,May,9564.3,69
2013,Manitoba,June,807139.2,106
2013,Manitoba,July,246307.2,169
2013,Manitoba,August,52237.4,103
2013,Manitoba,September,162.4,43
2014,Manitoba,October,0.1,1
2014,Manitoba,April,236.4,5
2014,Manitoba,May,797.0,40
2014,Manitoba,June,1281.3,49
2014,Manitoba,July,19095.9,45
2014,Manitoba,August,17255.6,94
2014,Manitoba,September,441.6,11
2015,Manitoba,October,1600.1,2
2015,Manitoba,March,7.1,2
2015,Manitoba,April,1705.2,47
2015,Manitoba,May,2245.3,74
2015,Manitoba,June,51300.6,151
2015,Manitoba,July,9830.3,169
2015,Manitoba,August,1442.9,13
2015,Manitoba,September,0.1,1
2016,Manitoba,April,772.1,20
2016,Manitoba,May,17914.6,56
2016,Manitoba,June,10348.3,64
2016,Manitoba,July,8970.0,42
2016,Manitoba,August,399.0,15
2016,Manitoba,September,3.5,5
2017,Manitoba,October,463.1,11
2017,Manitoba,April,12.5,6
2017,Manitoba,May,768.2,42
2017,Manitoba,June,15289.3,27
2017,Manitoba,July,53281.5,140
2017,Manitoba,August,150690.3,298
2017,Manitoba,September,2674.6,33
2018,Manitoba,April,5559.8,33
2018,Manitoba,May,66744.5,172
2018,Manitoba,June,31403.0,97
2018,Manitoba,July,122061.3,106
2018,Manitoba,August,8413.8,53
2018,Manitoba,September,39.3,15
2019,Manitoba,April,2806.5,20
2019,Manitoba,May,4663.4,80
2019,Manitoba,June,39958.9,59
2019,Manitoba,July,23714.3,84
2019,Manitoba,August,111.0,34
2019,Manitoba,September,33.1,1
1990,New Brunswick,October,0.2,4
1990,New Brunswick,March,0.0,1
1990,New Brunswick,April,53.3,42
1990,New Brunswick,May,88.1,71
1990,New Brunswick,June,6011.8,100
1990,New Brunswick,July,25.7,114
1990,New Brunswick,August,10.7,32
1990,New Brunswick,September,28.6,13
1991,New Brunswick,October,12.1,7
1991,New Brunswick,November,0.0,1
1991,New Brunswick,April,218.4,91
1991,New Brunswick,May,216.2,154
1991,New Brunswick,June,2993.5,150
1991,New Brunswick,July,56.8,141
1991,New Brunswick,August,42.1,92
1991,New Brunswick,September,19.9,20
1992,New Brunswick,October,5.4,14
1992,New Brunswick,April,146.1,50
1992,New Brunswick,May,5160.0,345
1992,New Brunswick,June,58.7,78
1992,New Brunswick,July,9.7,24
1992,New Brunswick,August,9.1,42
1992,New Brunswick,September,9.9,23
1993,New Brunswick,October,1.2,3
1993,New Brunswick,April,129.9,60
1993,New Brunswick,May,294.3,195
1993,New Brunswick,June,8.4,40
1993,New Brunswick,July,324.1,32
1993,New Brunswick,August,15.2,72
1993,New Brunswick,September,5.2,28
1994,New Brunswick,October,421.7,137
1994,New Brunswick,November,32.2,22
1994,New Brunswick,April,96.5,41
1994,New Brunswick,May,170.4,89
1994,New Brunswick,June,23.7,37
1994,New Brunswick,July,9.5,48
1994,New Brunswick,August,90.8,104
1994,New Brunswick,September,8.5,40
1995,New Brunswick,October,4.8,11
1995,New Brunswick,November,0.2,2
1995,New Brunswick,April,59.0,28
1995,New Brunswick,May,149.4,71
1995,New Brunswick,June,130.6,116
1995,New Brunswick,July,19.3,89
1995,New Brunswick,August,107.3,156
1995,New Brunswick,September,98.9,74
1996,New Brunswick,October,9.3,13
1996,New Brunswick,November,1.0,1
1996,New Brunswick,March,1.0,1
1996,New Brunswick,April,143.6,26
1996,New Brunswick,May,89.9,75
1996,New Brunswick,June,1518.9,129
1996,New Brunswick,July,3.7,11
1996,New Brunswick,August,199.4,74
1996,New Brunswick,September,50.0,37
1997,New Brunswick,October,32.7,45
1997,New Brunswick,November,0.2,2
1997,New Brunswick,April,71.1,16
1997,New Brunswick,May,69.5,72
1997,New Brunswick,June,34.5,68
1997,New Brunswick,July,38.1,77
1997,New Brunswick,August,14.9,75
1997,New Brunswick,September,2.9,13
1998,New Brunswick,October,0.5,7
1998,New Brunswick,November,0.1,2
1998,New Brunswick,April,209.4,67
1998,New Brunswick,May,163.7,61
1998,New Brunswick,June,3.3,29
1998,New Brunswick,July,15.7,44
1998,New Brunswick,August,19.0,73
1998,New Brunswick,September,0.7,5
1999,New Brunswick,October,0.8,3
1999,New Brunswick,November,2.5,7
1999,New Brunswick,December,4.0,1
1999,New Brunswick,April,76.7,55
1999,New Brunswick,May,350.5,180
1999,New Brunswick,June,926.5,210
1999,New Brunswick,July,50.6,80
1999,New Brunswick,August,12.5,40
1999,New Brunswick,September,28.7,31
2000,New Brunswick,October,148.7,30
2000,New Brunswick,April,52.3,29
2000,New Brunswick,May,94.2,70
2000,New Brunswick,June,156.4,76
2000,New Brunswick,July,14.4,40
2000,New Brunswick,August,12.8,44
2000,New Brunswick,September,12.3,44
2001,New Brunswick,October,42.5,29
2001,New Brunswick,November,2.2,3
2001,New Brunswick,April,108.9,35
2001,New Brunswick,May,353.6,167
2001,New Brunswick,June,21.7,43
2001,New Brunswick,July,22.8,46
2001,New Brunswick,August,191.6,114
2001,New Brunswick,September,19.2,53
2002,New Brunswick,October,4.3,10
2002,New Brunswick,November,6.1,2
2002,New Brunswick,April,32.0,31
2002,New Brunswick,May,190.8,97
2002,New Brunswick,June,18.7,42
2002,New Brunswick,July,23.5,37
2002,New Brunswick,August,47.7,76
2002,New Brunswick,September,2.4,22
2003,New Brunswick,October,1.4,3
2003,New Brunswick,April,50.1,16
2003,New Brunswick,May,137.0,89
2003,New Brunswick,June,30.2,38
2003,New Brunswick,July,7.1,29
2003,New Brunswick,August,7.9,26
2003,New Brunswick,September,4.5,27
2004,New Brunswick,October,0.7,6
2004,New Brunswick,November,0.5,1
2004,New Brunswick,April,129.3,54
2004,New Brunswick,May,233.0,118
2004,New Brunswick,June,84.5,41
2004,New Brunswick,July,6.3,14
2004,New Brunswick,August,2.5,11
2004,New Brunswick,September,2.0,8
2005,New Brunswick,October,0.5,1
2005,New Brunswick,November,0.1,1
2005,New Brunswick,April,347.7,134
2005,New Brunswick,May,38.3,41
2005,New Brunswick,June,22.8,39
2005,New Brunswick,July,57.2,29
2005,New Brunswick,August,27.0,49
2005,New Brunswick,September,4.7,12
2006,New Brunswick,October,0.5,1
2006,New Brunswick,March,38.3,19
2006,New Brunswick,April,360.4,152
2006,New Brunswick,May,201.4,64
2006,New Brunswick,June,8.3,9
2006,New Brunswick,July,9.8,33
2006,New Brunswick,August,2.9,22
2006,New Brunswick,September,1.0,8
2007,New Brunswick,October,32.5,17
2007,New Brunswick,November,1.1,2
2007,New Brunswick,March,4.0,1
2007,New Brunswick,April,113.0,66
2007,New Brunswick,May,391.9,130
2007,New Brunswick,June,31.4,31
2007,New Brunswick,July,5.2,21
2007,New Brunswick,August,9.7,33
2007,New Brunswick,September,2.2,15
2008,New Brunswick,October,0.3,2
2008,New Brunswick,April,15.1,14
2008,New Brunswick,May,64.6,81
2008,New Brunswick,June,11.0,13
2008,New Brunswick,July,37.9,33
2008,New Brunswick,August,1.4,14
2008,New Brunswick,September,12.2,11
2009,New Brunswick,October,0.6,3
2009,New Brunswick,November,4.5,3
2009,New Brunswick,April,93.1,54
2009,New Brunswick,May,133.8,88
2009,New Brunswick,June,5.4,11
2009,New Brunswick,July,0.6,3
2009,New Brunswick,August,11.5,18
2009,New Brunswick,September,4.4,17
2010,New Brunswick,October,3.4,2
2010,New Brunswick,November,4.0,1
2010,New Brunswick,March,6.5,3
2010,New Brunswick,April,70.5,47
2010,New Brunswick,May,29.5,52
2010,New Brunswick,June,1.5,7
2010,New Brunswick,July,1.8,14
2010,New Brunswick,August,38.0,42
2010,New Brunswick,September,1.1,11
2011,New Brunswick,April,18.3,23
2011,New Brunswick,May,10.8,25
2011,New Brunswick,June,6.4,7
2011,New Brunswick,July,1.9,11
2011,New Brunswick,August,0.1,1
2012,New Brunswick,October,1.1,3
2012,New Brunswick,November,1.0,1
2012,New Brunswick,March,37.0,8
2012,New Brunswick,April,233.8,189
2012,New Brunswick,May,53.4,49
2012,New Brunswick,June,13.7,22
2012,New Brunswick,July,8.7,26
2012,New Brunswick,August,9.5,28
2012,New Brunswick,September,2.9,12
2013,New Brunswick,October,13.0,3
2013,New Brunswick,March,0.4,3
2013,New Brunswick,April,217.3,176
2013,New Brunswick,May,510.5,123
2013,New Brunswick,June,10.6,7
2013,New Brunswick,July,124.1,34
2013,New Brunswick,August,4.2,7
2014,New Brunswick,October,3.3,5
2014,New Brunswick,April,22.5,39
2014,New Brunswick,May,65.3,79
2014,New Brunswick,June,10.4,20
2014,New Brunswick,July,4.1,16
2014,New Brunswick,August,4.2,12
2014,New Brunswick,September,3.3,9
2015,New Brunswick,October,0.3,3
2015,New Brunswick,April,5.0,3
2015,New Brunswick,May,196.7,164
2015,New Brunswick,June,1.8,3
2015,New Brunswick,July,51.2,22
2015,New Brunswick,August,1.7,11
2015,New Brunswick,September,5.6,15
2016,New Brunswick,October,0.7,7
2016,New Brunswick,April,180.7,151
2016,New Brunswick,May,29.2,55
2016,New Brunswick,June,23.9,25
2016,New Brunswick,July,1.9,10
2016,New Brunswick,August,24.5,25
2016,New Brunswick,September,3.9,12
2017,New Brunswick,October,428.7,33
2017,New Brunswick,November,0.6,2
2017,New Brunswick,April,19.3,16
2017,New Brunswick,May,3.7,25
2017,New Brunswick,June,2.9,16
2017,New Brunswick,July,58.7,39
2017,New Brunswick,August,26.3,79
2017,New Brunswick,September,27.7,35
2018,New Brunswick,October,1.3,4
2018,New Brunswick,April,31.2,37
2018,New Brunswick,May,130.9,124
2018,New Brunswick,June,36.8,34
2018,New Brunswick,July,101.6,40
2018,New Brunswick,August,1.7,15
2018,New Brunswick,September,7.4,31
2019,New Brunswick,October,5.0,6
2019,New Brunswick,April,22.3,12
2019,New Brunswick,May,121.5,87
2019,New Brunswick,June,18.7,19
2019,New Brunswick,July,17.9,21
2019,New Brunswick,August,40.4,32
2019,New Brunswick,September,1.9,5
1990,Newfoundland and Labrador,October,0.0,3
1990,Newfoundland and Labrador,March,1.6,2
1990,Newfoundland and Labrador,April,17.1,5
1990,Newfoundland and Labrador,May,2860.7,19
1990,Newfoundland and Labrador,June,355.7,36
1990,Newfoundland and Labrador,July,20395.9,29
1990,Newfoundland and Labrador,August,966.7,30
1990,Newfoundland and Labrador,September,4.6,41
1991,Newfoundland and Labrador,April,1.7,4
1991,Newfoundland and Labrador,May,220.8,29
1991,Newfoundland and Labrador,June,6925.5,38
1991,Newfoundland and Labrador,July,99.4,12
1991,Newfoundland and Labrador,August,49142.6,32
1992,Newfoundland and Labrador,April,2.5,2
1992,Newfoundland and Labrador,May,71.5,47
1992,Newfoundland and Labrador,June,1275.5,15
1992,Newfoundland and Labrador,July,385.9,13
1992,Newfoundland and Labrador,August,64.8,26
1992,Newfoundland and Labrador,September,9.5,3
1993,Newfoundland and Labrador,October,2.0,4
1993,Newfoundland and Labrador,April,5.0,1
1993,Newfoundland and Labrador,May,15.0,13
1993,Newfoundland and Labrador,June,20553.5,24
1993,Newfoundland and Labrador,July,7.0,5
1993,Newfoundland and Labrador,August,7897.1,13
1993,Newfoundland and Labrador,September,0.8,5
1994,Newfoundland and Labrador,October,0.0,1
1994,Newfoundland and Labrador,April,3.6,3
1994,Newfoundland and Labrador,May,50.5,15
1994,Newfoundland and Labrador,June,1067.9,35
1994,Newfoundland and Labrador,July,109046.2,35
1994,Newfoundland and Labrador,August,106.0,35
1994,Newfoundland and Labrador,September,0.0,5
1995,Newfoundland and Labrador,April,9.2,3
1995,Newfoundland and Labrador,May,112.9,23
1995,Newfoundland and Labrador,June,47.8,20
1995,Newfoundland and Labrador,July,32.7,14
1995,Newfoundland and Labrador,August,498.4,23
1995,Newfoundland and Labrador,September,0.1,3
1996,Newfoundland and Labrador,October,0.2,2
1996,Newfoundland and Labrador,April,15.0,13
1996,Newfoundland and Labrador,May,44.6,23
1996,Newfoundland and Labrador,June,6341.6,12
1996,Newfoundland and Labrador,July,43.1,4
1996,Newfoundland and Labrador,August,74822.7,48
1996,Newfoundland and Labrador,September,43.2,9
1997,Newfoundland and Labrador,May,61.4,15
1997,Newfoundland and Labrador,June,8189.5,25
1997,Newfoundland and Labrador,July,30.3,26
1997,Newfoundland and Labrador,August,263.1,11
1997,Newfoundland and Labrador,September,0.4,1
1998,Newfoundland and Labrador,October,0.0,1
1998,Newfoundland and Labrador,April,0.0,1
1998,Newfoundland and Labrador,May,918.2,94
1998,Newfoundland and Labrador,June,33105.4,55
1998,Newfoundland and Labrador,July,6117.2,11
1998,Newfoundland and Labrador,August,20.4,18
1999,Newfoundland and Labrador,October,0.1,1
1999,Newfoundland and Labrador,March,2.2,5
1999,Newfoundland and Labrador,April,20.1,10
1999,Newfoundland and Labrador,May,2880.3,66
1999,Newfoundland and Labrador,June,35730.8,66
1999,Newfoundland and Labrador,July,399.4,20
1999,Newfoundland and Labrador,August,1.6,10
1999,Newfoundland and Labrador,September,5.7,10
2000,Newfoundland and Labrador,October,0.5,1
2000,Newfoundland and Labrador,April,8.8,14
2000,Newfoundland and Labrador,May,28.7,34
2000,Newfoundland and Labrador,June,14.0,44
2000,Newfoundland and Labrador,July,3.1,9
2000,Newfoundland and Labrador,August,175.5,15
2000,Newfoundland and Labrador,September,1.4,7
2001,Newfoundland and Labrador,January,2.0,1
2001,Newfoundland and Labrador,October,1.5,5
2001,Newfoundland and Labrador,December,0.1,1
2001,Newfoundland and Labrador,May,72.8,30
2001,Newfoundland and Labrador,June,8.4,36
2001,Newfoundland and Labrador,July,107.1,33
2001,Newfoundland and Labrador,August,135.6,63
2001,Newfoundland and Labrador,September,13.4,10
2002,Newfoundland and Labrador,October,0.4,1
2002,Newfoundland and Labrador,April,17.8,5
2002,Newfoundland and Labrador,May,19.5,30
2002,Newfoundland and Labrador,June,67.2,23
2002,Newfoundland and Labrador,July,190.3,13
2002,Newfoundland and Labrador,August,12.0,14
2002,Newfoundland and Labrador,September,1.1,6
2003,Newfoundland and Labrador,October,1.4,3
2003,Newfoundland and Labrador,November,0.1,1
2003,Newfoundland and Labrador,April,0.5,2
2003,Newfoundland and Labrador,May,67.5,32
2003,Newfoundland and Labrador,June,396.5,45
2003,Newfoundland and Labrador,July,0.0,6
2003,Newfoundland and Labrador,August,2.1,16
2003,Newfoundland and Labrador,September,215.6,21
2004,Newfoundland and Labrador,October,0.0,1
2004,Newfoundland and Labrador,April,0.0,1
2004,Newfoundland and Labrador,May,1198.1,65
2004,Newfoundland and Labrador,June,18.5,16
2004,Newfoundland and Labrador,July,10.0,14
2004,Newfoundland and Labrador,August,5.5,23
2004,Newfoundland and Labrador,September,0.1,3
2005,Newfoundland and Labrador,April,17.1,6
2005,Newfoundland and Labrador,May,87.0,34
2005,Newfoundland and Labrador,June,72.6,31
2005,Newfoundland and Labrador,July,6.6,23
2005,Newfoundland and Labrador,August,3.2,14
2005,Newfoundland and Labrador,September,0.7,7
2006,Newfoundland and Labrador,April,28.2,6
2006,Newfoundland and Labrador,May,89.2,33
2006,Newfoundland and Labrador,June,34.4,5
2006,Newfoundland and Labrador,July,3.7,9
2006,Newfoundland and Labrador,August,0.2,7
2006,Newfoundland and Labrador,September,1.1,3
2007,Newfoundland and Labrador,April,1.7,2
2007,Newfoundland and Labrador,May,69.9,19
2007,Newfoundland and Labrador,June,20.8,17
2007,Newfoundland and Labrador,July,0.2,10
2007,Newfoundland and Labrador,August,0.0,1
2007,Newfoundland and Labrador,September,0.2,6
2008,Newfoundland and Labrador,October,1.7,6
2008,Newfoundland and Labrador,April,3.0,2
2008,Newfoundland and Labrador,May,77.1,33
2008,Newfoundland and Labrador,June,0.3,8
2008,Newfoundland and Labrador,July,4.4,14
2008,Newfoundland and Labrador,August,0.0,2
2008,Newfoundland and Labrador,September,13.5,7
2009,Newfoundland and Labrador,March,0.1,1
2009,Newfoundland and Labrador,April,77.1,26
2009,Newfoundland and Labrador,May,160.8,52
2009,Newfoundland and Labrador,June,11.9,27
2009,Newfoundland and Labrador,July,67.8,29
2009,Newfoundland and Labrador,August,0.0,4
2009,Newfoundland and Labrador,September,2.8,8
2010,Newfoundland and Labrador,October,0.0,3
2010,Newfoundland and Labrador,November,2.0,1
2010,Newfoundland and Labrador,March,0.8,2
2010,Newfoundland and Labrador,April,14.8,7
2010,Newfoundland and Labrador,May,0.6,5
2010,Newfoundland and Labrador,June,3.0,4
2010,Newfoundland and Labrador,July,3.4,4
2010,Newfoundland and Labrador,August,13.7,11
2010,Newfoundland and Labrador,September,0.4,6
2011,Newfoundland and Labrador,April,0.7,2
2011,Newfoundland and Labrador,May,31.3,14
2011,Newfoundland and Labrador,June,0.3,5
2011,Newfoundland and Labrador,July,0.0,5
2011,Newfoundland and Labrador,August,387.41913,9
2011,Newfoundland and Labrador,September,4.7,4
2012,Newfoundland and Labrador,March,1.5,1
2012,Newfoundland and Labrador,April,15.8,20
2012,Newfoundland and Labrador,May,882.5,14
2012,Newfoundland and Labrador,June,485.1,31
2012,Newfoundland and Labrador,July,2359.848,36
2012,Newfoundland and Labrador,August,5.99905,9
2012,Newfoundland and Labrador,September,29.1,4
2013,Newfoundland and Labrador,October,22.5,2
2013,Newfoundland and Labrador,April,4.9,7
2013,Newfoundland and Labrador,May,28.2,21
2013,Newfoundland and Labrador,June,0.8,10
2013,Newfoundland and Labrador,July,19.3,22
2013,Newfoundland and Labrador,August,0.1,7
2015,Newfoundland and Labrador,May,0.8,2
2015,Newfoundland and Labrador,June,3329.9,21
2015,Newfoundland and Labrador,August,259.1,2
2016,Newfoundland and Labrador,May,0.1,1
2016,Newfoundland and Labrador,July,10603.0,14
2016,Newfoundland and Labrador,August,0.2,2
2017,Newfoundland and Labrador,October,15.1,4
2017,Newfoundland and Labrador,November,0.2,6
2017,Newfoundland and Labrador,May,18.1,18
2017,Newfoundland and Labrador,June,622.5,22
2017,Newfoundland and Labrador,July,38.8,18
2017,Newfoundland and Labrador,August,2.7,8
2017,Newfoundland and Labrador,September,2.4,4
2018,Newfoundland and Labrador,October,0.8,3
2018,Newfoundland and Labrador,April,7.4,12
2018,Newfoundland and Labrador,May,71.1,41
2018,Newfoundland and Labrador,June,12.1,18
2018,Newfoundland and Labrador,July,285.8,19
2018,Newfoundland and Labrador,August,7.2,24
2018,Newfoundland and Labrador,September,11.1,14
2019,Newfoundland and Labrador,October,0.4,2
2019,Newfoundland and Labrador,March,4.6,6
2019,Newfoundland and Labrador,April,0.2,1
2019,Newfoundland and Labrador,May,75.6,44
2019,Newfoundland and Labrador,June,0.7,8
2019,Newfoundland and Labrador,July,218.4,11
2019,Newfoundland and Labrador,August,12.7,16
2019,Newfoundland and Labrador,September,3.4,11
1990,Nova Scotia,October,1.54,9
1990,Nova Scotia,November,0.04,1
1990,Nova Scotia,March,103.73,34
1990,Nova Scotia,April,65.35,89
1990,Nova Scotia,May,262.61,134
1990,Nova Scotia,June,574.01,58
1990,Nova Scotia,July,26.91,74
1990,Nova Scotia,August,29.01,62
1990,Nova Scotia,September,4.96,36
1991,Nova Scotia,October,0.01,1
1991,Nova Scotia,March,133.63,26
1991,Nova Scotia,April,285.12,208
1991,Nova Scotia,May,464.96,174
1991,Nova Scotia,June,241.79,145
1991,Nova Scotia,July,646.95,162
1991,Nova Scotia,August,3.29,10
1992,Nova Scotia,October,5.17,13
1992,Nova Scotia,April,93.28,43
1992,Nova Scotia,May,424.62,138
1992,Nova Scotia,June,614.59,46
1992,Nova Scotia,July,10.22,19
1992,Nova Scotia,August,9.42,18
1992,Nova Scotia,September,2.31,19
1993,Nova Scotia,October,0.13,4
1993,Nova Scotia,April,177.24,78
1993,Nova Scotia,May,151.99,110
1993,Nova Scotia,June,8.17,20
1993,Nova Scotia,July,3.2,21
1993,Nova Scotia,August,13.9,43
1993,Nova Scotia,September,13.28,26
1994,Nova Scotia,October,21.67,22
1994,Nova Scotia,November,87.34,14
1994,Nova Scotia,March,0.2,1
1994,Nova Scotia,April,71.62,63
1994,Nova Scotia,May,18.56,33
1994,Nova Scotia,June,9.81,28
1994,Nova Scotia,July,14.59,57
1994,Nova Scotia,August,10.53,23
1994,Nova Scotia,September,8.12,22
1995,Nova Scotia,October,0.52,4
1995,Nova Scotia,November,0.2,2
1995,Nova Scotia,March,61.51,28
1995,Nova Scotia,April,81.34,80
1995,Nova Scotia,May,204.66,145
1995,Nova Scotia,June,30.79,49
1995,Nova Scotia,July,4.23,26
1995,Nova Scotia,August,14.4,36
1995,Nova Scotia,September,6.86,37
1996,Nova Scotia,October,0.56,3
1996,Nova Scotia,March,324.44,55
1996,Nova Scotia,April,154.52,65
1996,Nova Scotia,May,95.1,66
1996,Nova Scotia,June,59.85,45
1996,Nova Scotia,July,0.37,9
1996,Nova Scotia,August,3.34,20
1996,Nova Scotia,September,1.04,7
1997,Nova Scotia,October,42.91,30
1997,Nova Scotia,March,1.5,1
1997,Nova Scotia,April,56.18,44
1997,Nova Scotia,May,336.96,77
1997,Nova Scotia,June,10.14,35
1997,Nova Scotia,July,100.11,108
1997,Nova Scotia,August,15.39,59
1997,Nova Scotia,September,1.97,16
1998,Nova Scotia,October,35.88,16
1998,Nova Scotia,March,21.88,20
1998,Nova Scotia,April,155.04,86
1998,Nova Scotia,May,108.49,91
1998,Nova Scotia,June,23.45,45
1998,Nova Scotia,July,11.5,19
1998,Nova Scotia,August,40.23,61
1998,Nova Scotia,September,0.26,8
1999,Nova Scotia,October,1.61,3
1999,Nova Scotia,November,98.01,7
1999,Nova Scotia,March,77.49,23
1999,Nova Scotia,April,1366.09,78
1999,Nova Scotia,May,74.15,129
1999,Nova Scotia,June,150.2,97
1999,Nova Scotia,July,52.93,89
1999,Nova Scotia,August,2.31,24
1999,Nova Scotia,September,0.65,14
2000,Nova Scotia,October,24.12,8
2000,Nova Scotia,November,0.1,1
2000,Nova Scotia,March,2.9,4
2000,Nova Scotia,April,7.05,19
2000,Nova Scotia,May,235.71,57
2000,Nova Scotia,June,209.54,51
2000,Nova Scotia,July,2.16,25
2000,Nova Scotia,August,3.6,29
2000,Nova Scotia,September,2.99,18
2001,Nova Scotia,October,63.29,28
2001,Nova Scotia,November,1.43,7
2001,Nova Scotia,March,0.22,4
2001,Nova Scotia,April,70.56,36
2001,Nova Scotia,May,160.48,139
2001,Nova Scotia,June,5.4,31
2001,Nova Scotia,July,16.73,65
2001,Nova Scotia,August,189.83,128
2001,Nova Scotia,September,20.87,47
2002,Nova Scotia,March,3.32,4
2002,Nova Scotia,April,39.65,23
2002,Nova Scotia,May,124.08,111
2002,Nova Scotia,June,14.95,31
2002,Nova Scotia,July,5.59,26
2002,Nova Scotia,August,21.28,55
2002,Nova Scotia,September,2.38,17
2003,Nova Scotia,October,4.2,8
2003,Nova Scotia,March,0.41,2
2003,Nova Scotia,April,190.01,75
2003,Nova Scotia,May,1028.86,100
2003,Nova Scotia,June,6.94,28
2003,Nova Scotia,July,19.95,30
2003,Nova Scotia,August,3.0,16
2003,Nova Scotia,September,3.39,13
2004,Nova Scotia,October,55.11,4
2004,Nova Scotia,November,0.4,1
2004,Nova Scotia,April,27.3,31
2004,Nova Scotia,May,180.72,137
2004,Nova Scotia,June,23.16,52
2004,Nova Scotia,July,1.47,10
2004,Nova Scotia,August,1.07,15
2004,Nova Scotia,September,0.6,8
2005,Nova Scotia,October,0.0,2
2005,Nova Scotia,March,12.0,3
2005,Nova Scotia,April,433.0,155
2005,Nova Scotia,May,9.0,12
2005,Nova Scotia,June,21.0,39
2005,Nova Scotia,July,1.0,15
2005,Nova Scotia,August,15.0,41
2005,Nova Scotia,September,4.0,22
2006,Nova Scotia,October,0.0,1
2006,Nova Scotia,March,1088.0,86
2006,Nova Scotia,April,414.0,69
2006,Nova Scotia,May,66.0,29
2006,Nova Scotia,June,0.0,1
2006,Nova Scotia,July,0.0,6
2006,Nova Scotia,August,4.0,10
2006,Nova Scotia,September,0.0,12
2007,Nova Scotia,October,2.0,3
2007,Nova Scotia,November,0.0,1
2007,Nova Scotia,March,60.0,18
2007,Nova Scotia,April,319.0,148
2007,Nova Scotia,May,285.0,164
2007,Nova Scotia,June,5.0,16
2007,Nova Scotia,July,18.0,15
2007,Nova Scotia,August,0.0,19
2007,Nova Scotia,September,0.0,2
2008,Nova Scotia,October,1.0,2
2008,Nova Scotia,November,1.0,1
2008,Nova Scotia,March,7.0,2
2008,Nova Scotia,April,279.0,136
2008,Nova Scotia,May,71.0,45
2008,Nova Scotia,June,2335.0,37
2008,Nova Scotia,July,6.0,19
2008,Nova Scotia,August,0.0,2
2008,Nova Scotia,September,0.0,3
2009,Nova Scotia,March,0.0,4
2009,Nova Scotia,April,857.0,104
2009,Nova Scotia,May,24.0,46
2009,Nova Scotia,June,0.0,8
2009,Nova Scotia,July,1.0,7
2009,Nova Scotia,August,0.0,14
2009,Nova Scotia,September,1.0,7
2010,Nova Scotia,November,5.5,5
2010,Nova Scotia,March,253.17,59
2010,Nova Scotia,April,134.86,112
2010,Nova Scotia,May,36.87,63
2010,Nova Scotia,June,5.34,9
2011,Nova Scotia,March,17.52,20
2011,Nova Scotia,April,123.59,62
2011,Nova Scotia,May,3.83,9
2011,Nova Scotia,June,0.36,6
2011,Nova Scotia,July,1.64,8
2011,Nova Scotia,August,0.13,7
2011,Nova Scotia,September,3.2,2
2012,Nova Scotia,March,82.1,72
2012,Nova Scotia,April,226.55,157
2012,Nova Scotia,May,25.74,35
2012,Nova Scotia,June,3.64,22
2012,Nova Scotia,July,16.19,31
2012,Nova Scotia,August,5.18,26
2012,Nova Scotia,September,2.41,9
2013,Nova Scotia,March,1.64,3
2013,Nova Scotia,April,144.9,59
2013,Nova Scotia,May,152.115,82
2013,Nova Scotia,June,0.25,2
2013,Nova Scotia,July,0.92,6
2013,Nova Scotia,August,1.422,17
2013,Nova Scotia,September,0.1,2
2014,Nova Scotia,October,0.3202,5
2014,Nova Scotia,March,0.18,1
2014,Nova Scotia,April,135.78,41
2014,Nova Scotia,May,383.86,71
2014,Nova Scotia,June,13.1331,23
2014,Nova Scotia,July,26.58,12
2014,Nova Scotia,August,1.701,10
2014,Nova Scotia,September,2.9064,8
2015,Nova Scotia,April,0.1,1
2015,Nova Scotia,May,498.778,202
2015,Nova Scotia,June,1.3679,6
2015,Nova Scotia,July,11.973,12
2015,Nova Scotia,August,1.18,8
2015,Nova Scotia,September,3.351,18
2016,Nova Scotia,October,0.25,4
2016,Nova Scotia,March,2.49,1
2016,Nova Scotia,April,264.551,102
2016,Nova Scotia,May,59.321,59
2016,Nova Scotia,June,26.113,28
2016,Nova Scotia,July,15.783,15
2016,Nova Scotia,August,429.485,38
2016,Nova Scotia,September,4.731,22
2017,Nova Scotia,October,0.0,5
2017,Nova Scotia,November,0.0,1
2017,Nova Scotia,April,571.84,82
2017,Nova Scotia,May,0.78,44
2017,Nova Scotia,June,0.15,11
2017,Nova Scotia,July,0.0,10
2017,Nova Scotia,August,0.0,15
2017,Nova Scotia,September,0.0,7
2018,Nova Scotia,March,22.5999999,2
2018,Nova Scotia,April,99.38000026,51
2018,Nova Scotia,May,28.07000011,51
2018,Nova Scotia,June,31.06999995,24
2018,Nova Scotia,July,4.759999955,23
2018,Nova Scotia,August,3.150000025,17
2018,Nova Scotia,September,6.3800001,22
2019,Nova Scotia,October,0.11,2
2019,Nova Scotia,March,24.55,17
2019,Nova Scotia,April,18.02,16
2019,Nova Scotia,May,47.41,45
2019,Nova Scotia,June,16.04,13
2019,Nova Scotia,July,2.33,7
2019,Nova Scotia,August,27.62,34
2019,Nova Scotia,September,0.69,9
1990,Northwest Territories,May,54.64,10
1990,Northwest Territories,June,3838.41,98
1990,Northwest Territories,July,100678.28,113
1990,Northwest Territories,August,45.56,13
1990,Northwest Territories,September,0.51,2
1991,Northwest Territories,May,7.61,5
1991,Northwest Territories,June,14135.78,59
1991,Northwest Territories,July,133586.08,149
1991,Northwest Territories,August,77736.2,117
1991,Northwest Territories,September,0.75,1
1992,Northwest Territories,May,33.07,9
1992,Northwest Territories,June,9548.45,31
1992,Northwest Territories,July,21961.16,130
1992,Northwest Territories,August,5200.79,100
1992,Northwest Territories,September,205.98,15
1993,Northwest Territories,December,0.02,2
1993,Northwest Territories,May,7420.85,13
1993,Northwest Territories,June,98077.91,175
1993,Northwest Territories,July,758719.67,249
1993,Northwest Territories,August,65.82,30
1993,Northwest Territories,September,1.56,4
1994,Northwest Territories,January,0.02,2
1994,Northwest Territories,October,6.55,8
1994,Northwest Territories,November,0.2,1
1994,Northwest Territories,December,0.5,1
1994,Northwest Territories,February,0.01,1
1994,Northwest Territories,April,0.75,1
1994,Northwest Territories,May,27941.01,37
1994,Northwest Territories,June,1057680.22,185
1994,Northwest Territories,July,1732458.96,326
1994,Northwest Territories,August,203213.5,78
1994,Northwest Territories,September,6012.83,13
1995,Northwest Territories,October,0.01,1
1995,Northwest Territories,November,0.1,3
1995,Northwest Territories,April,200.0,1
1995,Northwest Territories,May,69031.91,24
1995,Northwest Territories,June,2491437.67,79
1995,Northwest Territories,July,28777.48,56
1995,Northwest Territories,August,253904.45,47
1995,Northwest Territories,September,14.82,7
1996,Northwest Territories,April,1.5,1
1996,Northwest Territories,May,2014.01,11
1996,Northwest Territories,June,281701.6,182
1996,Northwest Territories,July,86436.9,134
1996,Northwest Territories,August,1390.71,22
1997,Northwest Territories,May,0.01,1
1997,Northwest Territories,June,5539.24,17
1997,Northwest Territories,July,120774.08,74
1997,Northwest Territories,August,204.84,10
1997,Northwest Territories,September,13.1,3
1998,Northwest Territories,May,14035.62,24
1998,Northwest Territories,June,306511.26,76
1998,Northwest Territories,July,1077845.83,228
1998,Northwest Territories,August,60566.6,69
1998,Northwest Territories,September,0.85,2
1999,Northwest Territories,April,3358.0,1
1999,Northwest Territories,May,7802.01,3
1999,Northwest Territories,June,412386.78,70
1999,Northwest Territories,July,109823.67,39
1999,Northwest Territories,August,18643.23,53
1999,Northwest Territories,September,9020.95,6
2000,Northwest Territories,May,3.61,5
2000,Northwest Territories,June,61749.93,90
2000,Northwest Territories,July,99864.72,144
2000,Northwest Territories,August,16217.53,36
2001,Northwest Territories,June,36086.13,49
2001,Northwest Territories,July,66827.99,71
2001,Northwest Territories,August,8347.0,5
2001,Northwest Territories,September,0.6,2
2002,Northwest Territories,May,0.2,2
2002,Northwest Territories,June,6484.52,38
2002,Northwest Territories,July,19231.93,41
2002,Northwest Territories,August,1372.52,4
2003,Northwest Territories,May,7.68,6
2003,Northwest Territories,June,8381.57,48
2003,Northwest Territories,July,117710.32,86
2003,Northwest Territories,August,1571.83,19
2003,Northwest Territories,September,150.0,1
2004,Northwest Territories,October,6.6,2
2004,Northwest Territories,November,1.0,1
2004,Northwest Territories,May,2.7,3
2004,Northwest Territories,June,41191.03,49
2004,Northwest Territories,July,450658.64,206
2004,Northwest Territories,August,15478.75,27
2004,Northwest Territories,September,8282.31,9
2005,Northwest Territories,October,0.4,1
2005,Northwest Territories,May,2989.99,15
2005,Northwest Territories,June,5700.47,43
2005,Northwest Territories,July,209403.44,194
2005,Northwest Territories,August,36.81,5
2005,Northwest Territories,September,1.51,3
2006,Northwest Territories,October,0.1,1
2006,Northwest Territories,May,0.01,1
2006,Northwest Territories,June,4709.6,34
2006,Northwest Territories,July,39652.79,58
2006,Northwest Territories,August,8913.53,63
2006,Northwest Territories,September,121.0,9
2007,Northwest Territories,May,89542.1,2
2007,Northwest Territories,June,181028.7,79
2007,Northwest Territories,July,172367.66,89
2007,Northwest Territories,August,2190.92,14
2008,Northwest Territories,May,5.04,8
2008,Northwest Territories,June,102177.55,61
2008,Northwest Territories,July,177236.33,85
2008,Northwest Territories,August,29369.83,86
2009,Northwest Territories,May,2.1,3
2009,Northwest Territories,June,483.7,15
2009,Northwest Territories,July,1546.4,10
2009,Northwest Territories,August,24.45,13
2009,Northwest Territories,September,0.2,1
2010,Northwest Territories,May,6.91,5
2010,Northwest Territories,June,172406.3,81
2010,Northwest Territories,July,177329.74,121
2010,Northwest Territories,August,1114.03,13
2010,Northwest Territories,September,70.01,4
2011,Northwest Territories,May,25.02,14
2011,Northwest Territories,June,239015.5804,78
2011,Northwest Territories,July,87025.8842,83
2011,Northwest Territories,August,3490.32,22
2011,Northwest Territories,September,24.02,2
2012,Northwest Territories,May,23833.83,12
2012,Northwest Territories,June,116113.75,75
2012,Northwest Territories,July,138031.96,143
2012,Northwest Territories,August,21055.31,41
2012,Northwest Territories,September,721.51,10
2013,Northwest Territories,May,1034.93,4
2013,Northwest Territories,June,431823.55,145
2013,Northwest Territories,July,73225.41,75
2013,Northwest Territories,August,31787.5,19
2013,Northwest Territories,September,1.33,5
2014,Northwest Territories,April,0.5,1
2014,Northwest Territories,May,74297.65,4
2014,Northwest Territories,June,2183079.64,117
2014,Northwest Territories,July,1029607.55,187
2014,Northwest Territories,August,131305.18,76
2015,Northwest Territories,November,3346.7,4
2015,Northwest Territories,May,203821.82,53
2015,Northwest Territories,June,393496.95,123
2015,Northwest Territories,July,25877.05,38
2015,Northwest Territories,August,20445.12,27
2016,Northwest Territories,May,8.02,3
2016,Northwest Territories,June,108060.67,54
2016,Northwest Territories,July,142762.63,111
2016,Northwest Territories,August,4168.04,20
2017,Northwest Territories,May,941.03,17
2017,Northwest Territories,June,106087.21,32
2017,Northwest Territories,July,823762.51,123
2017,Northwest Territories,August,97971.93,76
2017,Northwest Territories,September,1496.13,13
2018,Northwest Territories,November,0.1,1
2018,Northwest Territories,May,3.02,3
2018,Northwest Territories,June,3232.31,14
2018,Northwest Territories,July,7998.2,34
2018,Northwest Territories,August,4483.0,5
2018,Northwest Territories,September,21.01,2
2019,Northwest Territories,November,0.1,1
2019,Northwest Territories,April,1.06,6
2019,Northwest Territories,May,3484.29,8
2019,Northwest Territories,June,6054.13,32
2019,Northwest Territories,July,94783.08,88
2019,Northwest Territories,August,844.51,11
1990,Ontario,October,21.60000005,31
1990,Ontario,November,1661.4,16
1990,Ontario,March,187.8000005,62
1990,Ontario,April,683.5000017,185
1990,Ontario,May,5914.7,242
1990,Ontario,June,2118.9,111
1990,Ontario,July,131454.3,237
1990,Ontario,August,41511.5,543
1990,Ontario,September,59.50000052,185
1991,Ontario,October,21.00000001,11
1991,Ontario,November,66.80000006,12
1991,Ontario,December,0.200000003,1
1991,Ontario,March,18.60000005,12
1991,Ontario,April,1084.900001,210
1991,Ontario,May,123712.3,231
1991,Ontario,June,37067.9,415
1991,Ontario,July,74602.7,586
1991,Ontario,August,82190.5,944
1991,Ontario,September,46.20000017,138
1992,Ontario,October,5.200000025,11
1992,Ontario,March,1.200000003,2
1992,Ontario,April,120.5000003,58
1992,Ontario,May,3872.100001,347
1992,Ontario,June,171293.7,380
1992,Ontario,July,91.20000008,60
1992,Ontario,August,606.4000003,94
1992,Ontario,September,4.100000009,8
1993,Ontario,October,3.000000015,10
1993,Ontario,November,10.39999995,4
1993,Ontario,December,12.0,2
1993,Ontario,March,532.0,1
1993,Ontario,April,351.5000003,112
1993,Ontario,May,7675.400001,171
1993,Ontario,June,95768.5,129
1993,Ontario,July,71.90000046,158
1993,Ontario,August,237.3000004,144
1993,Ontario,September,2.800000049,11
1994,Ontario,October,68.10000004,27
1994,Ontario,November,7.700000077,7
1994,Ontario,March,0.800000012,4
1994,Ontario,April,667.000001,222
1994,Ontario,May,910.3000007,266
1994,Ontario,June,78312.2,412
1994,Ontario,July,3517.8,59
1994,Ontario,August,115.8000001,55
1994,Ontario,September,4.700000063,27
1995,Ontario,October,95.80000019,36
1995,Ontario,November,0.500000007,2
1995,Ontario,March,310.2000017,137
1995,Ontario,April,560.1000006,128
1995,Ontario,May,56938.5,230
1995,Ontario,June,332496.8,900
1995,Ontario,July,33676.5,150
1995,Ontario,August,188432.3,442
1995,Ontario,September,52.20000028,125
1996,Ontario,October,190.1,11
1996,Ontario,March,5.900000006,7
1996,Ontario,April,29.29999992,30
1996,Ontario,May,1038.200001,241
1996,Ontario,June,424614.0,570
1996,Ontario,July,20414.3,198
1996,Ontario,August,2595.6,144
1996,Ontario,September,114.4000002,73
1997,Ontario,October,29.00000012,18
1997,Ontario,November,0.100000001,1
1997,Ontario,April,239.4000003,136
1997,Ontario,May,5004.8,180
1997,Ontario,June,20649.2,425
1997,Ontario,July,12246.9,371
1997,Ontario,August,413.7000012,423
1997,Ontario,September,36.20000021,90
1998,Ontario,October,108.9000001,32
1998,Ontario,November,14.80000006,8
1998,Ontario,December,0.200000003,2
1998,Ontario,March,730.5,11
1998,Ontario,April,27659.7,207
1998,Ontario,May,24542.4,463
1998,Ontario,June,34159.0,254
1998,Ontario,July,69189.7,710
1998,Ontario,August,1678.200001,477
1998,Ontario,September,89.00000029,127
1999,Ontario,October,0.400000006,4
1999,Ontario,November,1.200000003,3
1999,Ontario,February,0.800000012,1
1999,Ontario,March,33.2,6
1999,Ontario,April,73824.5,146
1999,Ontario,May,218562.7,234
1999,Ontario,June,14236.1,154
1999,Ontario,July,298.0000005,217
1999,Ontario,August,21241.9,196
1999,Ontario,September,128.0000002,64
2000,Ontario,October,511.200002,83
2000,Ontario,November,89.59999984,7
2000,Ontario,February,0.100000001,1
2000,Ontario,March,98.80000005,17
2000,Ontario,April,604.4000002,99
2000,Ontario,May,246.6000006,88
2000,Ontario,June,452.3000001,44
2000,Ontario,July,4672.6,117
2000,Ontario,August,63.60000046,156
2000,Ontario,September,19.50000023,38
2001,Ontario,January,0.5,1
2001,Ontario,October,4.399999999,10
2001,Ontario,November,2.100000001,2
2001,Ontario,March,2.0,1
2001,Ontario,April,380.4000005,52
2001,Ontario,May,2518.999998,114
2001,Ontario,June,3055.3,267
2001,Ontario,July,4299.400001,373
2001,Ontario,August,494.9000013,657
2001,Ontario,September,87.20000017,109
2002,Ontario,October,1.20000001,8
2002,Ontario,November,0.100000001,1
2002,Ontario,March,6.0,1
2002,Ontario,April,53.00000005,26
2002,Ontario,May,1928.3,105
2002,Ontario,June,52621.2,85
2002,Ontario,July,125647.5,536
2002,Ontario,August,1424.100001,212
2002,Ontario,September,88.30000053,187
2003,Ontario,January,68.90000004,28
2003,Ontario,October,6.500000075,18
2003,Ontario,November,63.1999993,23
2003,Ontario,December,38.80000007,40
2003,Ontario,February,29.1999999,25
2003,Ontario,March,92.40000007,37
2003,Ontario,April,412.0000002,95
2003,Ontario,May,956.3000005,121
2003,Ontario,June,308517.3,286
2003,Ontario,July,4480.9,133
2003,Ontario,August,4370.600001,202
2003,Ontario,September,74.89999991,31
2004,Ontario,October,22.69999994,18
2004,Ontario,April,1286.399998,34
2004,Ontario,May,32.10000002,64
2004,Ontario,June,57.30000074,79
2004,Ontario,July,93.00000019,101
2004,Ontario,August,31.8000003,98
2004,Ontario,September,94.29999999,40
2005,Ontario,October,12.60000006,14
2005,Ontario,November,0.300000004,3
2005,Ontario,April,196.9000013,86
2005,Ontario,May,1471.800001,159
2005,Ontario,June,14070.9,194
2005,Ontario,July,11027.9,597
2005,Ontario,August,15451.3,694
2005,Ontario,September,106.9000003,212
2006,Ontario,January,0.300000012,1
2006,Ontario,October,8.100000076,19
2006,Ontario,November,3.699999988,2
2006,Ontario,March,100.3,3
2006,Ontario,April,170.3999986,83
2006,Ontario,May,551.8000001,150
2006,Ontario,June,11462.2,273
2006,Ontario,July,20572.5,593
2006,Ontario,August,55649.2,500
2006,Ontario,September,61103.00001,658
2007,Ontario,October,3.400000006,5
2007,Ontario,November,0.100000001,1
2007,Ontario,February,0.300000004,2
2007,Ontario,March,2.900000043,15
2007,Ontario,April,246.9999991,105
2007,Ontario,May,33394.3,235
2007,Ontario,June,2517.9,91
2007,Ontario,July,4099.5,201
2007,Ontario,August,369.6000017,423
2007,Ontario,September,16.80000016,48
2008,Ontario,October,4.100000016,9
2008,Ontario,November,0.200000003,1
2008,Ontario,April,53.00000002,29
2008,Ontario,May,49.10000023,78
2008,Ontario,June,280.0000001,33
2008,Ontario,July,26.10000005,35
2008,Ontario,August,899.5000002,132
2008,Ontario,September,4.399999991,23
2009,Ontario,October,0.500000007,5
2009,Ontario,April,65.99999902,24
2009,Ontario,May,173.4000008,110
2009,Ontario,June,20401.5,140
2009,Ontario,July,14.40000015,42
2009,Ontario,August,2.700000048,20
2009,Ontario,September,32.10000014,46
2010,Ontario,October,43.0000001,23
2010,Ontario,November,0.200000003,2
2010,Ontario,March,569.3999993,34
2010,Ontario,April,317.3999993,197
2010,Ontario,May,10969.6,334
2010,Ontario,June,1455.9,83
2010,Ontario,July,1261.0,166
2010,Ontario,August,206.2000003,80
2010,Ontario,September,1.50000003,12
2011,Ontario,October,277.8000003,58
2011,Ontario,November,1.00000003,4
2011,Ontario,December,0.400000006,3
2011,Ontario,April,26.9999999,30
2011,Ontario,May,1443.5,145
2011,Ontario,June,160162.4,129
2011,Ontario,July,469315.2,397
2011,Ontario,August,3435.800001,400
2011,Ontario,September,711.1999998,170
2012,Ontario,January,0.100000001,1
2012,Ontario,October,1.600000024,13
2012,Ontario,November,0.200000003,2
2012,Ontario,March,53.90000035,14
2012,Ontario,April,295.5999986,136
2012,Ontario,May,48556.8,273
2012,Ontario,June,4200.500001,125
2012,Ontario,July,96516.9,708
2012,Ontario,August,213.7000002,180
2012,Ontario,September,2916.100001,168
2013,Ontario,October,0.800000012,8
2013,Ontario,April,44.30000074,18
2013,Ontario,May,413.2,140
2013,Ontario,June,23873.7,122
2013,Ontario,July,26633.9,168
2013,Ontario,August,101.2000007,105
2013,Ontario,September,22.90000003,20
2014,Ontario,October,300.5,6
2014,Ontario,March,0.100000001,1
2014,Ontario,April,125.9000004,5
2014,Ontario,May,49.20000011,53
2014,Ontario,June,3152.8,73
2014,Ontario,July,1945.4,86
2014,Ontario,August,191.1000001,77
2014,Ontario,September,380.5,7
2015,Ontario,October,1.600000031,14
2015,Ontario,December,0.100000001,1
2015,Ontario,March,117.3000002,2
2015,Ontario,April,373.9000003,64
2015,Ontario,May,2477.100001,125
2015,Ontario,June,33902.2,132
2015,Ontario,July,2459.700001,165
2015,Ontario,August,74.30000033,113
2015,Ontario,September,3317.6,55
2016,Ontario,October,3031.7,11
2016,Ontario,November,30.60000001,4
2016,Ontario,March,79.1,2
2016,Ontario,April,33.4999999,38
2016,Ontario,May,81166.1,176
2016,Ontario,June,323.4000003,139
2016,Ontario,July,1370.300002,145
2016,Ontario,August,169.0000004,112
2016,Ontario,September,5.100000016,21
2017,Ontario,October,493.4000002,30
2017,Ontario,March,94.2,3
2017,Ontario,April,25.79999968,23
2017,Ontario,May,29.30000024,46
2017,Ontario,June,20645.9,40
2017,Ontario,July,73383.1,230
2017,Ontario,August,17507.1,369
2017,Ontario,September,603.5000003,38
2018,Ontario,April,143.9999997,18
2018,Ontario,May,4038.300002,190
2018,Ontario,June,77069.1,245
2018,Ontario,July,166056.3,521
2018,Ontario,August,18206.6,299
2018,Ontario,September,175.7000002,55
2019,Ontario,October,0.400000006,4
2019,Ontario,April,98.30000004,19
2019,Ontario,May,3990.200001,58
2019,Ontario,June,256939.3,103
2019,Ontario,July,8539.000001,152
2019,Ontario,August,154.6000004,193
2019,Ontario,September,3.400000013,9
1990,Parks Canada,May,11.6,4
1990,Parks Canada,June,74.8,18
1990,Parks Canada,July,24068.8,24
1990,Parks Canada,August,645.1,19
1991,Parks Canada,October,0.1,1
1991,Parks Canada,May,210.3,4
1991,Parks Canada,June,1.5,3
1991,Parks Canada,July,15.5,6
1991,Parks Canada,August,802.2,6
1991,Parks Canada,September,0.1,1
1992,Parks Canada,July,13.3,5
1993,Parks Canada,March,350.0,1
1993,Parks Canada,May,1.0,1
1993,Parks Canada,June,1249.6,28
1993,Parks Canada,July,31.2,4
1994,Parks Canada,May,829.0,1
1994,Parks Canada,June,37525.4,25
1994,Parks Canada,July,19702.4,13
1994,Parks Canada,August,8636.7,13
1994,Parks Canada,September,451.0,2
1995,Parks Canada,November,0.4,1
1995,Parks Canada,May,379.8,3
1995,Parks Canada,June,2865.6,5
1995,Parks Canada,July,1159.0,2
1996,Parks Canada,June,13630.6,18
1996,Parks Canada,July,5.0,3
1996,Parks Canada,August,0.1,1
1997,Parks Canada,June,13.0,2
1997,Parks Canada,July,186.0,5
1998,Parks Canada,October,200.0,1
1998,Parks Canada,May,305.6,10
1998,Parks Canada,June,10022.4,12
1998,Parks Canada,July,10741.2,11
1998,Parks Canada,August,6724.0,8
1998,Parks Canada,September,15.0,1
1999,Parks Canada,March,0.3,1
1999,Parks Canada,May,1875.0,2
1999,Parks Canada,June,66845.1,6
1999,Parks Canada,July,170.1,5
1999,Parks Canada,September,600.0,2
2000,Parks Canada,January,1.0,1
2000,Parks Canada,October,80.1,5
2000,Parks Canada,March,1581.5,5
2000,Parks Canada,April,2017.55,10
2000,Parks Canada,May,1798.01,15
2000,Parks Canada,June,1129.33,20
2000,Parks Canada,July,5389.16,41
2000,Parks Canada,August,933.73,27
2000,Parks Canada,September,77.04,4
2001,Parks Canada,January,0.7,2
2001,Parks Canada,October,122.0,2
2001,Parks Canada,November,0.1,1
2001,Parks Canada,March,0.5,1
2001,Parks Canada,April,151.6,9
2001,Parks Canada,May,2509.366,29
2001,Parks Canada,June,5446.321,12
2001,Parks Canada,July,8390.816,28
2001,Parks Canada,August,6910.182,32
2001,Parks Canada,September,1461.46,12
2002,Parks Canada,January,0.3,1
2002,Parks Canada,October,40.0,1
2002,Parks Canada,November,0.21,3
2002,Parks Canada,December,0.1,1
2002,Parks Canada,February,0.11,2
2002,Parks Canada,March,0.5,1
2002,Parks Canada,April,1271.1,4
2002,Parks Canada,May,437.18,18
2002,Parks Canada,June,4171.0,29
2002,Parks Canada,July,2834.3,23
2002,Parks Canada,August,103.12,16
2002,Parks Canada,September,26.3,4
2003,Parks Canada,January,100.0,1
2003,Parks Canada,October,45.0,1
2003,Parks Canada,March,6.2,1
2003,Parks Canada,April,8552.7,8
2003,Parks Canada,May,28512.95,8
2003,Parks Canada,June,1423.3,21
2003,Parks Canada,July,108524.2,31
2003,Parks Canada,August,4644.55,50
2003,Parks Canada,September,139.551,8
2004,Parks Canada,October,6.75,3
2004,Parks Canada,March,0.3,1
2004,Parks Canada,April,3135.1,7
2004,Parks Canada,May,5.242,5
2004,Parks Canada,June,100812.4006,17
2004,Parks Canada,July,88153.83,55
2004,Parks Canada,August,6616.02,12
2004,Parks Canada,September,0.1,1
2005,Parks Canada,January,0.1,1
2005,Parks Canada,October,78.1,3
2005,Parks Canada,April,3301.21,14
2005,Parks Canada,May,1855.4,16
2005,Parks Canada,June,28695.51,23
2005,Parks Canada,July,2256.0,21
2005,Parks Canada,August,1048.601,25
2005,Parks Canada,September,81.1,4
2006,Parks Canada,January,0.01,1
2006,Parks Canada,October,1.5,1
2006,Parks Canada,December,0.4,1
2006,Parks Canada,March,3174.0,3
2006,Parks Canada,April,2275.25,12
2006,Parks Canada,May,2480.8,16
2006,Parks Canada,June,8534.0,33
2006,Parks Canada,July,13759.69,55
2006,Parks Canada,August,2353.41,19
2006,Parks Canada,September,257.01,8
2007,Parks Canada,January,0.01,1
2007,Parks Canada,October,144.04,4
2007,Parks Canada,February,0.02,1
2007,Parks Canada,March,121.0,2
2007,Parks Canada,April,1068.7,8
2007,Parks Canada,May,214502.6,10
2007,Parks Canada,June,460.82,9
2007,Parks Canada,July,7547.93,32
2007,Parks Canada,August,2.22,19
2007,Parks Canada,September,516.24,9
2008,Parks Canada,January,48.7,5
2008,Parks Canada,October,4.0,1
2008,Parks Canada,November,134.1,4
2008,Parks Canada,December,356.22,5
2008,Parks Canada,February,0.11,2
2008,Parks Canada,March,1738.13,6
2008,Parks Canada,April,204.0,2
2008,Parks Canada,May,0.11,2
2008,Parks Canada,June,16.2,6
2008,Parks Canada,July,0.7,2
2008,Parks Canada,August,0.021,3
2008,Parks Canada,September,21.12,5
2009,Parks Canada,January,1437.601,7
2009,Parks Canada,October,1.6,2
2009,Parks Canada,November,40.101,3
2009,Parks Canada,December,203.22,7
2009,Parks Canada,February,1500.41,6
2009,Parks Canada,March,879.37,5
2009,Parks Canada,April,20.8,4
2009,Parks Canada,May,407.11,5
2009,Parks Canada,June,0.01,1
2009,Parks Canada,July,74.02,5
2009,Parks Canada,August,114.201,5
2009,Parks Canada,September,0.52,3
2010,Parks Canada,January,110.2,5
2010,Parks Canada,October,24.33,8
2010,Parks Canada,November,1475.2,3
2010,Parks Canada,December,2.51,4
2010,Parks Canada,February,0.301,3
2010,Parks Canada,March,384.7,3
2010,Parks Canada,April,482.81,12
2010,Parks Canada,May,4018.2404,9
2010,Parks Canada,June,555.45,28
2010,Parks Canada,July,865.96,37
2010,Parks Canada,August,8.11,4
2010,Parks Canada,September,55.53,8
2011,Parks Canada,October,113.7,4
2011,Parks Canada,November,0.201,2
2011,Parks Canada,April,14767.804,8
2011,Parks Canada,May,64058.103,9
2011,Parks Canada,June,6339.303,10
2011,Parks Canada,July,111.271,21
2011,Parks Canada,August,1318.907,14
2011,Parks Canada,September,3266.504,26
2012,Parks Canada,October,15.0,1
2012,Parks Canada,March,67.21,4
2012,Parks Canada,April,1049.1,5
2012,Parks Canada,May,115312.4,10
2012,Parks Canada,June,37160.202,10
2012,Parks Canada,July,119013.7821,40
2012,Parks Canada,August,1461.092,26
2012,Parks Canada,September,424.73,12
2013,Parks Canada,October,0.11,3
2013,Parks Canada,November,1.3,2
2013,Parks Canada,February,3.0,1
2013,Parks Canada,April,4843.8,7
2013,Parks Canada,May,6056.41,23
2013,Parks Canada,June,27994.61,20
2013,Parks Canada,July,19813.7312,27
2013,Parks Canada,August,1117.7,31
2013,Parks Canada,September,13.11,8
2014,Parks Canada,January,9.0,1
2014,Parks Canada,November,8.0,1
2014,Parks Canada,April,42.0,1
2014,Parks Canada,May,2946.0,5
2014,Parks Canada,June,100858.5,19
2014,Parks Canada,July,101903.04,21
2014,Parks Canada,August,64419.302,23
2014,Parks Canada,September,131.8611,6
2015,Parks Canada,October,25.0,1
2015,Parks Canada,November,6.2,1
2015,Parks Canada,March,90.0,1
2015,Parks Canada,April,3559.31,11
2015,Parks Canada,May,290391.2,27
2015,Parks Canada,June,165549.61,56
2015,Parks Canada,July,2561.5011,26
2015,Parks Canada,August,1876.3891,20
2015,Parks Canada,September,970.41,7
2016,Parks Canada,October,0.01,1
2016,Parks Canada,November,21.6,1
2016,Parks Canada,March,620.3538,4
2016,Parks Canada,April,1784.6101,12
2016,Parks Canada,May,561.465,10
2016,Parks Canada,June,7110.9611,21
2016,Parks Canada,July,672.1702,21
2016,Parks Canada,August,212.18,11
2016,Parks Canada,September,196.1501,8
2017,Parks Canada,January,0.01,1
2017,Parks Canada,October,30.053,5
2017,Parks Canada,February,0.367,3
2017,Parks Canada,March,147.3,1
2017,Parks Canada,April,833.52,8
2017,Parks Canada,May,28354.642,31
2017,Parks Canada,June,5587.09,17
2017,Parks Canada,July,61005.6698,68
2017,Parks Canada,August,4026.2013,29
2017,Parks Canada,September,19335.06001,16
2018,Parks Canada,January,0.0101,2
2018,Parks Canada,October,141.4,3
2018,Parks Canada,November,4.1,3
2018,Parks Canada,December,0.0001,1
2018,Parks Canada,March,2.107,6
2018,Parks Canada,April,72.22,6
2018,Parks Canada,May,55320.2106,34
2018,Parks Canada,June,147.5005,27
2018,Parks Canada,July,10443.0736,46
2018,Parks Canada,August,9431.5523,35
2018,Parks Canada,September,0.041,5
2019,Parks Canada,January,0.04,3
2019,Parks Canada,October,0.201,2
2019,Parks Canada,March,0.84,2
2019,Parks Canada,April,90.64,9
2019,Parks Canada,May,81511.26,12
2019,Parks Canada,June,23659.431,13
2019,Parks Canada,July,12796.80001,34
2019,Parks Canada,August,36.7711,9
2019,Parks Canada,September,0.2101,3
2018,Prince Edward Island,May,7.327422169,7
2018,Prince Edward Island,September,0.062729291,1
2019,Prince Edward Island,December,5.708664754,1
2019,Prince Edward Island,April,8.452463488,1
2019,Prince Edward Island,August,0.05,1
1990,Quebec,October,40.0,4
1990,Quebec,March,0.0,1
1990,Quebec,April,56.6,59
1990,Quebec,May,5704.5,214
1990,Quebec,June,2917.0,139
1990,Quebec,July,51866.5,178
1990,Quebec,August,22719.0,138
1990,Quebec,September,39.0,118
1991,Quebec,October,3.6,6
1991,Quebec,November,0.7,5
1991,Quebec,March,0.0,1
1991,Quebec,April,94.2,64
1991,Quebec,May,1415.6,220
1991,Quebec,June,394184.9,408
1991,Quebec,July,9732.9,318
1991,Quebec,August,32889.9,162
1991,Quebec,September,9.6,32
1992,Quebec,October,0.3,7
1992,Quebec,November,0.3,2
1992,Quebec,April,35.3,44
1992,Quebec,May,5558.6,405
1992,Quebec,June,6758.9,180
1992,Quebec,July,1230.3,54
1992,Quebec,August,13517.5,59
1992,Quebec,September,10.3,14
1993,Quebec,October,2.0,4
1993,Quebec,November,1.6,1
1993,Quebec,April,25.8,32
1993,Quebec,May,225.6,188
1993,Quebec,June,124307.6,98
1993,Quebec,July,621.0,129
1993,Quebec,August,3050.1,81
1993,Quebec,September,0.3,10
1994,Quebec,October,121.9,46
1994,Quebec,November,6.5,7
1994,Quebec,April,66.4,15
1994,Quebec,May,1062.1,218
1994,Quebec,June,114685.7,139
1994,Quebec,July,67.8,27
1994,Quebec,August,4.6,30
1994,Quebec,September,25.3,17
1995,Quebec,October,15.9,23
1995,Quebec,November,3.0,1
1995,Quebec,March,7.2,9
1995,Quebec,April,84.3,33
1995,Quebec,May,363.7,139
1995,Quebec,June,451241.1,470
1995,Quebec,July,47192.1,170
1995,Quebec,August,228797.5,367
1995,Quebec,September,21.9,53
1996,Quebec,October,5.8,19
1996,Quebec,November,0.4,1
1996,Quebec,April,3.6,5
1996,Quebec,May,384.8,163
1996,Quebec,June,438669.1,706
1996,Quebec,July,192047.3,55
1996,Quebec,August,60464.2,209
1996,Quebec,September,14.4,92
1997,Quebec,October,73.5,44
1997,Quebec,November,0.0,1
1997,Quebec,April,27.3,21
1997,Quebec,May,37.8,63
1997,Quebec,June,385457.4,436
1997,Quebec,July,7419.2,143
1997,Quebec,August,63.7,146
1997,Quebec,September,0.3,22
1998,Quebec,October,150.4,29
1998,Quebec,November,1.4,8
1998,Quebec,April,137.6,115
1998,Quebec,May,27626.7,279
1998,Quebec,June,277909.2,112
1998,Quebec,July,112254.5,106
1998,Quebec,August,217.9,171
1998,Quebec,September,9.1,34
1999,Quebec,October,0.0,5
1999,Quebec,November,0.4,7
1999,Quebec,April,190.3,92
1999,Quebec,May,8657.4,311
1999,Quebec,June,87917.9,197
1999,Quebec,July,244.2,140
1999,Quebec,August,295.2,165
1999,Quebec,September,441.8,120
2000,Quebec,October,8.1,25
2000,Quebec,November,23.3,4
2000,Quebec,March,0.0,1
2000,Quebec,April,79.1,80
2000,Quebec,May,182.6,100
2000,Quebec,June,106.3,74
2000,Quebec,July,38314.0,137
2000,Quebec,August,481.5,51
2000,Quebec,September,13.4,44
2001,Quebec,October,31.6,8
2001,Quebec,November,0.0,2
2001,Quebec,April,155.1,98
2001,Quebec,May,5100.2,294
2001,Quebec,June,7768.6,127
2001,Quebec,July,19323.4,109
2001,Quebec,August,684.5,324
2001,Quebec,September,4.8,41
2002,Quebec,October,0.0,11
2002,Quebec,November,0.0,1
2002,Quebec,March,0.0,1
2002,Quebec,April,37.2,53
2002,Quebec,May,456.9,127
2002,Quebec,June,140533.9,84
2002,Quebec,July,872552.3,249
2002,Quebec,August,49.4,164
2002,Quebec,September,119.9,205
2003,Quebec,October,4.5,12
2003,Quebec,April,44.2,39
2003,Quebec,May,7678.5,252
2003,Quebec,June,46095.5,192
2003,Quebec,July,1858.2,78
2003,Quebec,August,32149.8,91
2003,Quebec,September,29.6,52
2004,Quebec,October,11.2,28
2004,Quebec,November,0.0,1
2004,Quebec,April,35.6,32
2004,Quebec,May,72.3,82
2004,Quebec,June,480.5,75
2004,Quebec,July,2308.6,39
2004,Quebec,August,116.0,26
2004,Quebec,September,20.0,36
2005,Quebec,October,0.6,3
2005,Quebec,November,0.1,1
2005,Quebec,April,114.6,104
2005,Quebec,May,576559.6,258
2005,Quebec,June,74758.5,160
2005,Quebec,July,146333.2,431
2005,Quebec,August,827.3,313
2005,Quebec,September,1536.4,104
2006,Quebec,October,32.9,7
2006,Quebec,November,0.0,1
2006,Quebec,March,0.1,1
2006,Quebec,April,64.7,92
2006,Quebec,May,24971.5,106
2006,Quebec,June,102037.1,256
2006,Quebec,July,9226.0,129
2006,Quebec,August,6.7,49
2006,Quebec,September,12.1,42
2007,Quebec,October,30.0,28
2007,Quebec,November,1.8,3
2007,Quebec,April,36.5,37
2007,Quebec,May,83705.7,269
2007,Quebec,June,258704.4,319
2007,Quebec,July,50.0,61
2007,Quebec,August,120.1,192
2007,Quebec,September,33.6,26
2008,Quebec,October,1.7,9
2008,Quebec,November,1.5,2
2008,Quebec,April,59.4,33
2008,Quebec,May,45.7,77
2008,Quebec,June,1168.2,36
2008,Quebec,July,138.6,18
2008,Quebec,August,66.1,35
2008,Quebec,September,0.4,12
2009,Quebec,October,0.0,2
2009,Quebec,November,3.3,7
2009,Quebec,March,0.1,1
2009,Quebec,April,103.4,105
2009,Quebec,May,186.0,94
2009,Quebec,June,91586.5,195
2009,Quebec,July,2042.3,21
2009,Quebec,August,5.5,26
2009,Quebec,September,44.6,32
2010,Quebec,October,0.8,7
2010,Quebec,November,6.5,4
2010,Quebec,March,11.3,11
2010,Quebec,April,61.3,107
2010,Quebec,May,206976.7,251
2010,Quebec,June,107650.3,152
2010,Quebec,July,90.0,89
2010,Quebec,August,78.9,95
2010,Quebec,September,8.0,21
2011,Quebec,October,279.5,25
2011,Quebec,November,2.6,5
2011,Quebec,April,4.4,4
2011,Quebec,May,813.0,62
2011,Quebec,June,6881.9,75
2011,Quebec,July,4249.3,71
2011,Quebec,August,135.6,58
2011,Quebec,September,31.2,29
2012,Quebec,October,5.7,7
2012,Quebec,November,0.8,3
2012,Quebec,March,9.5,14
2012,Quebec,April,102.1,113
2012,Quebec,May,49480.1,180
2012,Quebec,June,13071.3,93
2012,Quebec,July,1337.8,267
2012,Quebec,August,25.7,86
2012,Quebec,September,10.1,32
2013,Quebec,October,5.2,15
2013,Quebec,November,0.0,3
2013,Quebec,April,30.5,64
2013,Quebec,May,171.3,161
2013,Quebec,June,1517966.5,88
2013,Quebec,July,354653.4,135
2013,Quebec,August,9.0,34
2013,Quebec,September,6.3,15
2014,Quebec,October,22.9,5
2014,Quebec,November,1.1,3
2014,Quebec,April,33.3,14
2014,Quebec,May,17423.5,56
2014,Quebec,June,32679.8,72
2014,Quebec,July,12757.3,66
2014,Quebec,August,791.9,65
2014,Quebec,September,10.9,11
2015,Quebec,October,0.3,9
2015,Quebec,November,0.7,2
2015,Quebec,December,0.0,1
2015,Quebec,April,15.3,28
2015,Quebec,May,208.0,212
2015,Quebec,June,2679.9,45
2015,Quebec,July,1877.7,39
2015,Quebec,August,595.4,29
2015,Quebec,September,2.3,19
2016,Quebec,October,3.7,25
2016,Quebec,November,0.0,5
2016,Quebec,December,0.1,1
2016,Quebec,March,0.1,1
2016,Quebec,April,35.1,88
2016,Quebec,May,84.1,120
2016,Quebec,June,3980.9,119
2016,Quebec,July,29031.8,141
2016,Quebec,August,234.4,86
2016,Quebec,September,0.6,16
2017,Quebec,October,29.5,22
2017,Quebec,November,0.0,2
2017,Quebec,April,10.5,25
2017,Quebec,May,311.0,32
2017,Quebec,June,36988.6,77
2017,Quebec,July,930.3,88
2017,Quebec,August,121.1,56
2017,Quebec,September,0.9,15
2018,Quebec,October,1.4,13
2018,Quebec,November,0.0,1
2018,Quebec,April,12.7,12
2018,Quebec,May,170.4,188
2018,Quebec,June,63534.7,123
2018,Quebec,July,22505.8,199
2018,Quebec,August,31.0,38
2018,Quebec,September,4.7,18
2019,Quebec,October,0.5,9
2019,Quebec,April,0.1,3
2019,Quebec,May,27.6,53
2019,Quebec,June,5000.8,58
2019,Quebec,July,4549.0,119
2019,Quebec,August,24.5,95
2019,Quebec,September,1.5,20
1990,Saskatchewan,October,51.76,10
1990,Saskatchewan,March,0.02,2
1990,Saskatchewan,April,124.92,18
1990,Saskatchewan,May,689.1663161,103
1990,Saskatchewan,June,17430.36934,275
1990,Saskatchewan,July,36262.83544,130
1990,Saskatchewan,August,161417.1571,314
1990,Saskatchewan,September,79.45,45
1991,Saskatchewan,January,0.02,2
1991,Saskatchewan,October,493.46,31
1991,Saskatchewan,November,3.45,14
1991,Saskatchewan,December,0.08,2
1991,Saskatchewan,March,0.5,1
1991,Saskatchewan,April,4438.4,79
1991,Saskatchewan,May,882.61,127
1991,Saskatchewan,June,713.52,75
1991,Saskatchewan,July,43178.17,111
1991,Saskatchewan,August,148441.32,272
1991,Saskatchewan,September,23.58,48
1992,Saskatchewan,October,228.9,7
1992,Saskatchewan,November,0.02,2
1992,Saskatchewan,March,1.85,3
1992,Saskatchewan,April,663.87,50
1992,Saskatchewan,May,5248.6,103
1992,Saskatchewan,June,48404.86,151
1992,Saskatchewan,July,26474.31,150
1992,Saskatchewan,August,16697.33,215
1992,Saskatchewan,September,36.65,18
1993,Saskatchewan,January,0.12,2
1993,Saskatchewan,October,0.21,3
1993,Saskatchewan,November,0.21,2
1993,Saskatchewan,February,0.01,1
1993,Saskatchewan,March,1010.37,21
1993,Saskatchewan,April,6353.38,47
1993,Saskatchewan,May,352914.02,219
1993,Saskatchewan,June,179581.19,216
1993,Saskatchewan,July,68320.54,82
1993,Saskatchewan,August,3.37,30
1993,Saskatchewan,September,16.42,22
1994,Saskatchewan,January,0.01,1
1994,Saskatchewan,October,14.3,10
1994,Saskatchewan,March,0.25,1
1994,Saskatchewan,April,219.19,28
1994,Saskatchewan,May,1740.24,95
1994,Saskatchewan,June,585282.82,153
1994,Saskatchewan,July,175084.31,74
1994,Saskatchewan,August,64365.01,193
1994,Saskatchewan,September,19313.32,142
1995,Saskatchewan,October,1.2,9
1995,Saskatchewan,November,18.6,3
1995,Saskatchewan,December,0.05,1
1995,Saskatchewan,April,85.13,10
1995,Saskatchewan,May,1125484.31,221
1995,Saskatchewan,June,518604.27,283
1995,Saskatchewan,July,4129.99,85
1995,Saskatchewan,August,99.54,18
1995,Saskatchewan,September,10.8,20
1996,Saskatchewan,January,0.1,1
1996,Saskatchewan,October,0.53,3
1996,Saskatchewan,February,0.01,1
1996,Saskatchewan,April,9.47,6
1996,Saskatchewan,May,526.02,62
1996,Saskatchewan,June,5253.45,123
1996,Saskatchewan,July,6884.13,161
1996,Saskatchewan,August,312.26,53
1996,Saskatchewan,September,1.02,15
1997,Saskatchewan,October,0.14,2
1997,Saskatchewan,April,70.45,10
1997,Saskatchewan,May,1345.17,92
1997,Saskatchewan,June,569.45,52
1997,Saskatchewan,July,1197.25,150
1997,Saskatchewan,August,685.64,168
1997,Saskatchewan,September,8.81,15
1998,Saskatchewan,October,24.61,6
1998,Saskatchewan,December,0.5,1
1998,Saskatchewan,April,5319.95,107
1998,Saskatchewan,May,207488.9,292
1998,Saskatchewan,June,169808.05,216
1998,Saskatchewan,July,201841.59,354
1998,Saskatchewan,August,453815.75,219
1998,Saskatchewan,September,396.87,71
1999,Saskatchewan,October,14.19,7
1999,Saskatchewan,November,32.08,7
1999,Saskatchewan,March,1.0,1
1999,Saskatchewan,April,802.7,51
1999,Saskatchewan,May,24794.86,100
1999,Saskatchewan,June,17383.81,158
1999,Saskatchewan,July,134075.4,252
1999,Saskatchewan,August,3715.8,158
1999,Saskatchewan,September,0.4,6
2000,Saskatchewan,January,0.3,1
2000,Saskatchewan,October,65.51,10
2000,Saskatchewan,March,8.1,3
2000,Saskatchewan,April,1473.19,45
2000,Saskatchewan,May,2227.4,70
2000,Saskatchewan,June,74530.3,137
2000,Saskatchewan,July,57316.57,89
2000,Saskatchewan,August,5162.1,45
2000,Saskatchewan,September,22.6,13
2001,Saskatchewan,January,0.03,3
2001,Saskatchewan,October,1539.46,43
2001,Saskatchewan,February,0.01,1
2001,Saskatchewan,March,0.11,3
2001,Saskatchewan,April,23835.68,120
2001,Saskatchewan,May,12981.85,154
2001,Saskatchewan,June,146380.92,200
2001,Saskatchewan,July,7511.6,114
2001,Saskatchewan,August,10545.47,150
2001,Saskatchewan,September,633.29,68
2002,Saskatchewan,January,0.5,1
2002,Saskatchewan,October,0.01,1
2002,Saskatchewan,February,0.03,3
2002,Saskatchewan,March,0.82,3
2002,Saskatchewan,April,663.15,35
2002,Saskatchewan,May,156593.03,289
2002,Saskatchewan,June,689216.79,345
2002,Saskatchewan,July,33099.18,172
2002,Saskatchewan,August,7.56,20
2002,Saskatchewan,September,28.12,5
2003,Saskatchewan,October,491.7,19
2003,Saskatchewan,April,642.79,46
2003,Saskatchewan,May,10328.79,133
2003,Saskatchewan,June,22176.36,71
2003,Saskatchewan,July,41836.22,219
2003,Saskatchewan,August,49033.76,140
2003,Saskatchewan,September,1154.13,12
2004,Saskatchewan,October,1.8,2
2004,Saskatchewan,November,3.0,1
2004,Saskatchewan,February,20.1,2
2004,Saskatchewan,March,30.0,1
2004,Saskatchewan,April,324.8,19
2004,Saskatchewan,May,315.82,80
2004,Saskatchewan,June,6550.35,26
2004,Saskatchewan,July,246199.01,164
2004,Saskatchewan,August,4633.68,31
2004,Saskatchewan,September,53.05,3
2005,Saskatchewan,October,250.0,1
2005,Saskatchewan,April,567.85,14
2005,Saskatchewan,May,3842.34,72
2005,Saskatchewan,June,40423.64,32
2005,Saskatchewan,July,168588.02,188
2005,Saskatchewan,August,101.45,14
2005,Saskatchewan,September,0.16,2
2006,Saskatchewan,January,11974.04,11
2006,Saskatchewan,October,4.2,3
2006,Saskatchewan,November,37.61,5
2006,Saskatchewan,December,5.57,9
2006,Saskatchewan,February,57922.37,19
2006,Saskatchewan,March,273638.2,7
2006,Saskatchewan,April,87897.62,77
2006,Saskatchewan,May,1708.24,56
2006,Saskatchewan,June,405613.53,203
2006,Saskatchewan,July,32516.1,66
2006,Saskatchewan,August,319933.64,35
2006,Saskatchewan,September,12475.42,9
2007,Saskatchewan,October,0.1,1
2007,Saskatchewan,April,383.36,42
2007,Saskatchewan,May,8735.41,76
2007,Saskatchewan,June,126234.03,76
2007,Saskatchewan,July,76049.07,123
2007,Saskatchewan,August,1471.13,46
2007,Saskatchewan,September,0.02,2
2008,Saskatchewan,October,289.8,12
2008,Saskatchewan,April,1037.82,27
2008,Saskatchewan,May,13013.5,161
2008,Saskatchewan,June,773251.75,264
2008,Saskatchewan,July,314686.85,98
2008,Saskatchewan,August,27878.42,31
2008,Saskatchewan,September,19.09,5
2009,Saskatchewan,November,0.2,1
2009,Saskatchewan,April,399.39,59
2009,Saskatchewan,May,5340.53,193
2009,Saskatchewan,June,31392.92,201
2009,Saskatchewan,July,391.3,11
2009,Saskatchewan,August,9.83,17
2009,Saskatchewan,September,25.2,29
2010,Saskatchewan,October,0.02,1
2010,Saskatchewan,April,1805.36,54
2010,Saskatchewan,May,16556.86,101
2010,Saskatchewan,June,1341275.7,163
2010,Saskatchewan,July,338638.72,189
2010,Saskatchewan,August,36530.52,63
2011,Saskatchewan,October,16.07,12
2011,Saskatchewan,November,0.1,1
2011,Saskatchewan,April,107.15,20
2011,Saskatchewan,May,25756.99,142
2011,Saskatchewan,June,272089.88,67
2011,Saskatchewan,July,18288.0,18
2011,Saskatchewan,August,32.89,15
2011,Saskatchewan,September,27428.91,28
2012,Saskatchewan,October,1.0,1
2012,Saskatchewan,November,0.2,2
2012,Saskatchewan,April,471.9,36
2012,Saskatchewan,May,101471.2,87
2012,Saskatchewan,June,4904.0,38
2012,Saskatchewan,July,117386.8,166
2012,Saskatchewan,August,3230.9,69
2012,Saskatchewan,September,45.5,11
2013,Saskatchewan,October,0.4,4
2013,Saskatchewan,May,16383.6,168
2013,Saskatchewan,June,19283.6,51
2013,Saskatchewan,July,277747.5,46
2013,Saskatchewan,August,48430.0,113
2013,Saskatchewan,September,1992.0,47
2014,Saskatchewan,October,0.4,3
2014,Saskatchewan,April,2.0,5
2014,Saskatchewan,May,15356.16,141
2014,Saskatchewan,June,112072.6,37
2014,Saskatchewan,July,119892.2,111
2014,Saskatchewan,August,95321.82,97
2014,Saskatchewan,September,138.3,9
2015,Saskatchewan,October,11658.10756,11
2015,Saskatchewan,November,0.1,1
2015,Saskatchewan,March,0.1,1
2015,Saskatchewan,April,2013.942452,72
2015,Saskatchewan,May,291831.6047,193
2015,Saskatchewan,June,1318280.962,254
2015,Saskatchewan,July,132677.1507,147
2015,Saskatchewan,August,2266.78148,38
2015,Saskatchewan,September,4.3,6
2016,Saskatchewan,April,1738.6,84
2016,Saskatchewan,May,4640.7,111
2016,Saskatchewan,June,228398.02,124
2016,Saskatchewan,July,19849.58,53
2016,Saskatchewan,August,136.7,22
2016,Saskatchewan,September,0.8,8
2017,Saskatchewan,October,255.0,12
2017,Saskatchewan,March,0.1,1
2017,Saskatchewan,April,13.2,15
2017,Saskatchewan,May,256.1,72
2017,Saskatchewan,June,6.2,15
2017,Saskatchewan,July,39543.5,66
2017,Saskatchewan,August,358410.4,135
2017,Saskatchewan,September,513.2,37
2018,Saskatchewan,October,41.5,6
2018,Saskatchewan,April,423.0,47
2018,Saskatchewan,May,64873.7,174
2018,Saskatchewan,June,56316.5,120
2018,Saskatchewan,July,2906.2,57
2018,Saskatchewan,August,31125.9,28
2018,Saskatchewan,September,10.0,1
2019,Saskatchewan,January,0.0,1
2019,Saskatchewan,October,0.3,3
2019,Saskatchewan,November,0.1,2
2019,Saskatchewan,December,0.1,5
2019,Saskatchewan,April,298.0,41
2019,Saskatchewan,May,1096.3,73
2019,Saskatchewan,June,1822.1,59
2019,Saskatchewan,July,44928.4,58
2019,Saskatchewan,August,8.1,13
2019,Saskatchewan,September,0.2,2
1990,Yukon,October,0.52,2
1990,Yukon,April,0.38,3
1990,Yukon,May,4105.99,15
1990,Yukon,June,145.12,19
1990,Yukon,July,177619.77,69
1990,Yukon,August,931.61,32
1990,Yukon,September,88.53,14
1991,Yukon,April,6.23,8
1991,Yukon,May,105.9,28
1991,Yukon,June,110310.6,109
1991,Yukon,July,9630.36,33
1991,Yukon,August,217.73,9
1992,Yukon,May,8.65,9
1992,Yukon,June,32567.55,26
1992,Yukon,July,5162.91,72
1992,Yukon,August,75.96,9
1993,Yukon,October,0.01,1
1993,Yukon,April,0.01,1
1993,Yukon,May,16.87,21
1993,Yukon,June,36330.64,45
1993,Yukon,July,17759.7,48
1993,Yukon,August,60954.4,10
1993,Yukon,September,42.68,10
1994,Yukon,April,0.12,5
1994,Yukon,May,3.91,16
1994,Yukon,June,74562.58,47
1994,Yukon,July,254867.5,113
1994,Yukon,August,92276.26,73
1994,Yukon,September,0.02,1
1995,Yukon,November,0.01,1
1995,Yukon,March,2.0,1
1995,Yukon,April,317.78,4
1995,Yukon,May,1097.17,31
1995,Yukon,June,252762.53,80
1995,Yukon,July,7199.26,22
1995,Yukon,August,0.39,6
1995,Yukon,September,0.6,2
1996,Yukon,March,0.02,2
1996,Yukon,April,0.03,2
1996,Yukon,May,8.13,19
1996,Yukon,June,64997.87,72
1996,Yukon,July,25360.91,44
1996,Yukon,August,699.77,7
1996,Yukon,September,0.4,3
1997,Yukon,October,1.01,2
1997,Yukon,May,81.35,23
1997,Yukon,June,12.49,34
1997,Yukon,July,11368.74,37
1997,Yukon,August,2.05,13
1997,Yukon,September,4.41,3
1998,Yukon,April,5.51,2
1998,Yukon,May,66482.63,44
1998,Yukon,June,2415.53,36
1998,Yukon,July,261645.68,73
1998,Yukon,August,13122.52,35
1998,Yukon,September,0.53,7
1999,Yukon,April,0.4,2
1999,Yukon,May,3124.95,10
1999,Yukon,June,170131.26,49
1999,Yukon,July,8901.32,36
1999,Yukon,August,12658.54,61
1999,Yukon,September,0.01,1
2000,Yukon,May,3.8,8
2000,Yukon,June,7635.2,36
2000,Yukon,July,10.21,3
2001,Yukon,April,0.2,1
2001,Yukon,May,4.6,8
2001,Yukon,June,16656.98,30
2001,Yukon,July,559.35,20
2001,Yukon,August,113.35,9
2002,Yukon,May,21.17,17
2002,Yukon,June,32984.38,30
2002,Yukon,July,3198.35,19
2002,Yukon,August,0.21,3
2003,Yukon,November,616.0,5
2003,Yukon,April,0.62,3
2003,Yukon,May,12.0,13
2003,Yukon,June,20286.19,30
2003,Yukon,July,27772.31,20
2003,Yukon,August,98.1,4
2003,Yukon,September,0.11,2
2004,Yukon,October,0.2,1
2004,Yukon,May,7.98,5
2004,Yukon,June,1485372.27,138
2004,Yukon,July,220116.27,100
2004,Yukon,August,14129.36,33
2004,Yukon,September,38.01,5
2005,Yukon,April,0.2,1
2005,Yukon,May,26.06,12
2005,Yukon,June,176741.93,45
2005,Yukon,July,10669.92,20
2005,Yukon,August,0.22,4
2005,Yukon,September,0.01,1
2006,Yukon,October,0.01,1
2006,Yukon,April,0.5,1
2006,Yukon,May,1.52,3
2006,Yukon,June,42993.48,32
2006,Yukon,July,51466.51,36
2006,Yukon,August,571.21,5
2006,Yukon,September,0.11,2
2007,Yukon,October,292.1,10
2007,Yukon,April,0.5,1
2007,Yukon,May,13986.53,10
2007,Yukon,June,11981.49,50
2007,Yukon,July,10822.52,24
2007,Yukon,August,624.62,15
2008,Yukon,October,0.01,1
2008,Yukon,December,109.4,6
2008,Yukon,May,5.35,11
2008,Yukon,June,12648.83,40
2008,Yukon,July,194.53,6
2008,Yukon,August,109.65,10
2008,Yukon,September,0.11,2
2009,Yukon,December,614.9,3
2009,Yukon,May,43846.62,9
2009,Yukon,June,19662.19,30
2009,Yukon,July,162593.23,60
2009,Yukon,August,3795.41,16
2010,Yukon,October,123.4,2
2010,Yukon,May,61654.41,20
2010,Yukon,June,63100.87,38
2010,Yukon,July,21120.44,18
2010,Yukon,August,964.05,10
2011,Yukon,April,0.01,1
2011,Yukon,May,33238.23,24
2011,Yukon,June,2511.2,13
2011,Yukon,July,4597.87,14
2011,Yukon,August,3.0,1
2011,Yukon,September,114.02,3
2012,Yukon,May,47.64,4
2012,Yukon,June,51880.63,74
2012,Yukon,July,4462.61,29
2012,Yukon,August,1889.31,18
2012,Yukon,September,0.01,1
2013,Yukon,May,22.61,7
2013,Yukon,June,178187.2,100
2013,Yukon,July,16681.03,29
2013,Yukon,August,3422.93,39
2013,Yukon,September,0.02,2
2014,Yukon,April,0.3,1
2014,Yukon,May,0.55,4
2014,Yukon,June,3116.882,14
2014,Yukon,July,42.062,10
2014,Yukon,August,0.8,5
2015,Yukon,May,71519.57,95
2015,Yukon,June,98320.48,82
2015,Yukon,July,1.16,5
2015,Yukon,August,0.4,2
2015,Yukon,September,0.0,1
2016,Yukon,April,0.11,2
2016,Yukon,May,273.24,8
2016,Yukon,June,21231.59,15
2016,Yukon,July,21.4,19
2016,Yukon,August,11.02,8
2016,Yukon,September,0.04,1
2017,Yukon,April,0.71,3
2017,Yukon,May,2887.38,9
2017,Yukon,June,251052.61,45
2017,Yukon,July,139183.42,32
2017,Yukon,August,6156.03,25
2017,Yukon,September,0.0,1
2018,Yukon,April,2300.0,1
2018,Yukon,May,168.16,6
2018,Yukon,June,16782.12,11
2018,Yukon,July,54700.33,21
2018,Yukon,August,6634.87,11
2018,Yukon,September,0.01,1
2019,Yukon,April,0.13,4
2019,Yukon,May,135237.21,25
2019,Yukon,June,64179.9,18
2019,Yukon,July,56460.07,63
2019,Yukon,August,34.0,4
2019,Yukon,September,125.31,3
