Year,Jurisdiction,Fire size class,Area (hectares),Number
1990,Alberta,0.11 - 1.0 ha,153.9,347
1990,Alberta,1.1 - 10 ha,448.8,145
1990,Alberta,10 000 - 100 000 ha,11809.5,1
1990,Alberta,10.1 - 100 ha,1640.4,49
1990,Alberta,100.1 - 1 000 ha,7579.1,21
1990,Alberta,1000 - 10 000 ha,12379.7,3
1990,Alberta,Up to 0.1 ha,73.5,735
1991,Alberta,0.11 - 1.0 ha,119.2,266
1991,Alberta,1.1 - 10 ha,464.2,144
1991,Alberta,10.1 - 100 ha,1575.4,44
1991,Alberta,100.1 - 1 000 ha,2401.0,10
1991,Alberta,1000 - 10 000 ha,1559.1,1
1991,Alberta,Up to 0.1 ha,45.9,459
1992,Alberta,0.11 - 1.0 ha,130.1,271
1992,Alberta,1.1 - 10 ha,457.0,122
1992,Alberta,10.1 - 100 ha,1167.2,31
1992,Alberta,100.1 - 1 000 ha,1731.4,9
1992,Alberta,Up to 0.1 ha,62.3,623
1993,Alberta,0.11 - 1.0 ha,127.0,261
1993,Alberta,1.1 - 10 ha,571.8,163
1993,Alberta,10.1 - 100 ha,1711.4,51
1993,Alberta,100.1 - 1 000 ha,5087.6,17
1993,Alberta,1000 - 10 000 ha,18528.2,5
1993,Alberta,Up to 0.1 ha,34.41,345
1994,Alberta,0.11 - 1.0 ha,136.2,274
1994,Alberta,1.1 - 10 ha,524.0,154
1994,Alberta,10 000 - 100 000 ha,13137.7,1
1994,Alberta,10.1 - 100 ha,1531.0,48
1994,Alberta,100.1 - 1 000 ha,3455.2,9
1994,Alberta,1000 - 10 000 ha,10777.1,4
1994,Alberta,Up to 0.1 ha,21.03,387
1995,Alberta,0.11 - 1.0 ha,115.6,237
1995,Alberta,1.1 - 10 ha,623.1,172
1995,Alberta,10 000 - 100 000 ha,47408.4,2
1995,Alberta,10.1 - 100 ha,1464.2,50
1995,Alberta,100.1 - 1 000 ha,3270.6,12
1995,Alberta,1000 - 10 000 ha,22962.9,6
1995,Alberta,Over 100 000,262087.6,2
1995,Alberta,Up to 0.1 ha,17.16,317
1996,Alberta,0.11 - 1.0 ha,53.99,108
1996,Alberta,1.1 - 10 ha,194.7,66
1996,Alberta,10.1 - 100 ha,496.5,12
1996,Alberta,100.1 - 1 000 ha,1207.0,5
1996,Alberta,Up to 0.1 ha,9.2,185
1997,Alberta,0.11 - 1.0 ha,82.2,163
1997,Alberta,1.1 - 10 ha,288.77,81
1997,Alberta,10.1 - 100 ha,534.1,19
1997,Alberta,100.1 - 1 000 ha,1010.0,3
1997,Alberta,1000 - 10 000 ha,2800.0,1
1997,Alberta,Up to 0.1 ha,9.88,189
1998,Alberta,0.11 - 1.0 ha,255.8,543
1998,Alberta,1.1 - 10 ha,1128.53,310
1998,Alberta,10 000 - 100 000 ha,315509.3,14
1998,Alberta,10.1 - 100 ha,3170.49,93
1998,Alberta,100.1 - 1 000 ha,19747.77,46
1998,Alberta,1000 - 10 000 ha,68524.4,18
1998,Alberta,Over 100 000,318588.1,2
1998,Alberta,Up to 0.1 ha,43.68,672
1999,Alberta,0.11 - 1.0 ha,177.47,399
1999,Alberta,1.1 - 10 ha,874.7,238
1999,Alberta,10 000 - 100 000 ha,10349.3,1
1999,Alberta,10.1 - 100 ha,2959.79,80
1999,Alberta,100.1 - 1 000 ha,12067.2,32
1999,Alberta,1000 - 10 000 ha,94049.09,23
1999,Alberta,Up to 0.1 ha,27.22,582
2000,Alberta,0.11 - 1.0 ha,116.02,242
2000,Alberta,1.1 - 10 ha,539.32,155
2000,Alberta,10.1 - 100 ha,1288.94,40
2000,Alberta,100.1 - 1 000 ha,3907.8,12
2000,Alberta,1000 - 10 000 ha,8871.3,6
2000,Alberta,Up to 0.1 ha,12.52,328
2001,Alberta,0.11 - 1.0 ha,128.01,282
2001,Alberta,1.1 - 10 ha,497.17,154
2001,Alberta,10 000 - 100 000 ha,11520.0,1
2001,Alberta,10.1 - 100 ha,1091.95,26
2001,Alberta,100.1 - 1 000 ha,6098.1,18
2001,Alberta,1000 - 10 000 ha,30214.9,5
2001,Alberta,Over 100 000,104534.3,1
2001,Alberta,Up to 0.1 ha,19.3,487
2002,Alberta,0.11 - 1.0 ha,151.56,328
2002,Alberta,1.1 - 10 ha,514.75,169
2002,Alberta,10 000 - 100 000 ha,67196.3,2
2002,Alberta,10.1 - 100 ha,1689.06,45
2002,Alberta,100.1 - 1 000 ha,4337.5,13
2002,Alberta,1000 - 10 000 ha,56178.7,15
2002,Alberta,Over 100 000,366320.2,2
2002,Alberta,Up to 0.1 ha,31.14,871
2003,Alberta,0.11 - 1.0 ha,100.16,230
2003,Alberta,1.1 - 10 ha,350.61,106
2003,Alberta,10 000 - 100 000 ha,48902.16,2
2003,Alberta,10.1 - 100 ha,698.61,28
2003,Alberta,100.1 - 1 000 ha,3049.0,8
2003,Alberta,1000 - 10 000 ha,21784.0,6
2003,Alberta,Up to 0.1 ha,22.38,811
2004,Alberta,0.11 - 1.0 ha,160.18,372
2004,Alberta,1.1 - 10 ha,577.13,167
2004,Alberta,10 000 - 100 000 ha,89629.0,5
2004,Alberta,10.1 - 100 ha,1522.8,51
2004,Alberta,100.1 - 1 000 ha,10724.39,29
2004,Alberta,1000 - 10 000 ha,25694.9,7
2004,Alberta,Over 100 000,107828.6,1
2004,Alberta,Up to 0.1 ha,26.38,979
2005,Alberta,0.11 - 1.0 ha,129.16,300
2005,Alberta,1.1 - 10 ha,460.49,129
2005,Alberta,10 000 - 100 000 ha,43000.0,1
2005,Alberta,10.1 - 100 ha,1319.7,47
2005,Alberta,100.1 - 1 000 ha,2027.52,11
2005,Alberta,1000 - 10 000 ha,13767.16,4
2005,Alberta,Up to 0.1 ha,22.11,882
2006,Alberta,0.11 - 1.0 ha,178.09,429
2006,Alberta,1.1 - 10 ha,397.21,114
2006,Alberta,10 000 - 100 000 ha,43736.53,3
2006,Alberta,10.1 - 100 ha,2569.39,66
2006,Alberta,100.1 - 1 000 ha,8933.47,22
2006,Alberta,1000 - 10 000 ha,62953.69,18
2006,Alberta,Up to 0.1 ha,33.37,1375
2007,Alberta,0.11 - 1.0 ha,113.83,247
2007,Alberta,1.1 - 10 ha,322.86,96
2007,Alberta,10 000 - 100 000 ha,79125.5,2
2007,Alberta,10.1 - 100 ha,913.14,29
2007,Alberta,100.1 - 1 000 ha,3415.1,13
2007,Alberta,1000 - 10 000 ha,19706.9,4
2007,Alberta,Up to 0.1 ha,21.67,946
2008,Alberta,0.11 - 1.0 ha,144.99,340
2008,Alberta,1.1 - 10 ha,459.38,136
2008,Alberta,10 000 - 100 000 ha,11600.0,1
2008,Alberta,10.1 - 100 ha,1447.81,47
2008,Alberta,100.1 - 1 000 ha,3311.88,9
2008,Alberta,1000 - 10 000 ha,3792.0,2
2008,Alberta,Up to 0.1 ha,32.77,1187
2009,Alberta,0.11 - 1.0 ha,126.02,307
2009,Alberta,1.1 - 10 ha,468.92,133
2009,Alberta,10 000 - 100 000 ha,22297.02,2
2009,Alberta,10.1 - 100 ha,1323.59,44
2009,Alberta,100.1 - 1 000 ha,5528.69,16
2009,Alberta,1000 - 10 000 ha,37126.69,7
2009,Alberta,Up to 0.1 ha,31.91,1164
2010,Alberta,0.11 - 1.0 ha,166.9,403
2010,Alberta,1.1 - 10 ha,708.01,194
2010,Alberta,10 000 - 100 000 ha,56557.6,2
2010,Alberta,10.1 - 100 ha,1910.89,67
2010,Alberta,100.1 - 1 000 ha,4295.1,13
2010,Alberta,1000 - 10 000 ha,17649.4,7
2010,Alberta,Up to 0.1 ha,35.14,1206
2011,Alberta,0.11 - 1.0 ha,98.78,243
2011,Alberta,1.1 - 10 ha,267.49,87
2011,Alberta,10 000 - 100 000 ha,188875.9,6
2011,Alberta,10.1 - 100 ha,1297.46,36
2011,Alberta,100.1 - 1 000 ha,7229.4,19
2011,Alberta,1000 - 10 000 ha,30452.5,8
2011,Alberta,Over 100 000,577646.8,1
2011,Alberta,Up to 0.1 ha,19.85,773
2012,Alberta,0.11 - 1.0 ha,134.29,304
2012,Alberta,1.1 - 10 ha,340.15,106
2012,Alberta,10 000 - 100 000 ha,198942.3,7
2012,Alberta,10.1 - 100 ha,1204.1,39
2012,Alberta,100.1 - 1 000 ha,7357.75,18
2012,Alberta,1000 - 10 000 ha,43209.9,16
2012,Alberta,Over 100 000,134603.0,1
2012,Alberta,Up to 0.1 ha,26.93,1114
2013,Alberta,0.11 - 1.0 ha,80.77,184
2013,Alberta,1.1 - 10 ha,275.22,78
2013,Alberta,10.1 - 100 ha,1278.77,34
2013,Alberta,100.1 - 1 000 ha,3235.0,9
2013,Alberta,1000 - 10 000 ha,14689.0,3
2013,Alberta,Up to 0.1 ha,20.08,910
2014,Alberta,0.11 - 1.0 ha,115.61,280
2014,Alberta,1.1 - 10 ha,390.12,119
2014,Alberta,10.1 - 100 ha,1047.81,40
2014,Alberta,100.1 - 1 000 ha,2045.47,6
2014,Alberta,1000 - 10 000 ha,20067.76,4
2014,Alberta,Up to 0.1 ha,25.94,1002
2015,Alberta,0.11 - 1.0 ha,177.97,412
2015,Alberta,1.1 - 10 ha,676.78,175
2015,Alberta,10 000 - 100 000 ha,345494.95,16
2015,Alberta,10.1 - 100 ha,2790.52,74
2015,Alberta,100.1 - 1 000 ha,13916.9,38
2015,Alberta,1000 - 10 000 ha,103224.27,24
2015,Alberta,Up to 0.1 ha,35.91,1117
2016,Alberta,0.11 - 1.0 ha,138.7,322
2016,Alberta,1.1 - 10 ha,436.73,128
2016,Alberta,10 000 - 100 000 ha,11604.0,1
2016,Alberta,10.1 - 100 ha,1702.92,41
2016,Alberta,100.1 - 1 000 ha,3786.9,11
2016,Alberta,1000 - 10 000 ha,4237.4,2
2016,Alberta,Over 100 000,485123.6,1
2016,Alberta,Up to 0.1 ha,26.79,930
2017,Alberta,0.11 - 1.0 ha,96.88,248
2017,Alberta,1.1 - 10 ha,274.19,76
2017,Alberta,10 000 - 100 000 ha,30562.0,2
2017,Alberta,10.1 - 100 ha,1719.13,42
2017,Alberta,100.1 - 1 000 ha,6659.4,20
2017,Alberta,1000 - 10 000 ha,9897.2,4
2017,Alberta,Up to 0.1 ha,24.51,852
2018,Alberta,0.11 - 1.0 ha,114.05,278
2018,Alberta,1.1 - 10 ha,450.88,115
2018,Alberta,10.1 - 100 ha,1704.49,54
2018,Alberta,100.1 - 1 000 ha,3347.34,13
2018,Alberta,1000 - 10 000 ha,54542.06,15
2018,Alberta,Up to 0.1 ha,26.4,824
2019,Alberta,0.11 - 1.0 ha,90.21,208
2019,Alberta,1.1 - 10 ha,352.75,98
2019,Alberta,10 000 - 100 000 ha,236997.7,5
2019,Alberta,10.1 - 100 ha,1186.33,36
2019,Alberta,100.1 - 1 000 ha,4582.2,19
2019,Alberta,1000 - 10 000 ha,19535.3,9
2019,Alberta,Over 100 000,623179.89,2
2019,Alberta,Up to 0.1 ha,18.86,644
1990,British Columbia,0.11 - 1.0 ha,291.5,666
1990,British Columbia,1.1 - 10 ha,1181.1,315
1990,British Columbia,10 000 - 100 000 ha,36293.4,2
1990,British Columbia,10.1 - 100 ha,4259.3,122
1990,British Columbia,100.1 - 1 000 ha,12492.7,40
1990,British Columbia,1000 - 10 000 ha,21120.6,10
1990,British Columbia,Up to 0.1 ha,143.2,2100
1991,British Columbia,0.11 - 1.0 ha,175.0,378
1991,British Columbia,1.1 - 10 ha,1063.8,274
1991,British Columbia,10.1 - 100 ha,3185.4,80
1991,British Columbia,100.1 - 1 000 ha,7551.0,27
1991,British Columbia,1000 - 10 000 ha,12652.4,5
1991,British Columbia,Up to 0.1 ha,81.2,1249
1992,British Columbia,0.11 - 1.0 ha,314.9,722
1992,British Columbia,1.1 - 10 ha,890.9,268
1992,British Columbia,10.1 - 100 ha,2701.8,86
1992,British Columbia,100.1 - 1 000 ha,7853.7,27
1992,British Columbia,1000 - 10 000 ha,18537.2,7
1992,British Columbia,Up to 0.1 ha,154.3,2695
1993,British Columbia,0.11 - 1.0 ha,113.4,234
1993,British Columbia,1.1 - 10 ha,787.2,211
1993,British Columbia,10.1 - 100 ha,2253.4,70
1993,British Columbia,100.1 - 1 000 ha,1972.4,9
1993,British Columbia,Up to 0.1 ha,57.0,973
1994,British Columbia,0.11 - 1.0 ha,291.5,689
1994,British Columbia,1.1 - 10 ha,1055.0,314
1994,British Columbia,10.1 - 100 ha,3935.7,114
1994,British Columbia,100.1 - 1 000 ha,7265.3,25
1994,British Columbia,1000 - 10 000 ha,17032.2,7
1994,British Columbia,Up to 0.1 ha,175.6,2908
1995,British Columbia,0.11 - 1.0 ha,148.9,314
1995,British Columbia,1.1 - 10 ha,789.3,226
1995,British Columbia,10 000 - 100 000 ha,27616.0,2
1995,British Columbia,10.1 - 100 ha,1280.5,51
1995,British Columbia,100.1 - 1 000 ha,2406.9,8
1995,British Columbia,1000 - 10 000 ha,15787.3,5
1995,British Columbia,Up to 0.1 ha,51.1,868
1996,British Columbia,0.11 - 1.0 ha,105.4,261
1996,British Columbia,1.1 - 10 ha,426.1,123
1996,British Columbia,10.1 - 100 ha,994.6,31
1996,British Columbia,100.1 - 1 000 ha,4771.0,12
1996,British Columbia,1000 - 10 000 ha,14325.0,3
1996,British Columbia,Up to 0.1 ha,47.0,930
1997,British Columbia,0.11 - 1.0 ha,88.0,205
1997,British Columbia,1.1 - 10 ha,396.5,122
1997,British Columbia,10.1 - 100 ha,609.0,22
1997,British Columbia,100.1 - 1 000 ha,779.0,4
1997,British Columbia,1000 - 10 000 ha,1054.0,1
1997,British Columbia,Up to 0.1 ha,41.3,822
1998,British Columbia,0.11 - 1.0 ha,241.73,584
1998,British Columbia,1.1 - 10 ha,1137.8,321
1998,British Columbia,10 000 - 100 000 ha,25241.0,2
1998,British Columbia,10.1 - 100 ha,3284.3,94
1998,British Columbia,100.1 - 1 000 ha,13707.3,38
1998,British Columbia,1000 - 10 000 ha,32855.2,10
1998,British Columbia,Up to 0.1 ha,100.014,1613
1999,British Columbia,0.11 - 1.0 ha,108.7,235
1999,British Columbia,1.1 - 10 ha,544.43,140
1999,British Columbia,10.1 - 100 ha,2364.6,59
1999,British Columbia,100.1 - 1 000 ha,4231.9,17
1999,British Columbia,1000 - 10 000 ha,4266.0,3
1999,British Columbia,Up to 0.1 ha,39.78,744
2000,British Columbia,0.11 - 1.0 ha,128.93,326
2000,British Columbia,1.1 - 10 ha,710.05,185
2000,British Columbia,10.1 - 100 ha,2138.0,59
2000,British Columbia,100.1 - 1 000 ha,4054.6,12
2000,British Columbia,1000 - 10 000 ha,10477.6,2
2000,British Columbia,Up to 0.1 ha,42.832,942
2001,British Columbia,0.11 - 1.0 ha,134.17,298
2001,British Columbia,1.1 - 10 ha,686.85,186
2001,British Columbia,10.1 - 100 ha,1053.9,37
2001,British Columbia,100.1 - 1 000 ha,3383.0,9
2001,British Columbia,1000 - 10 000 ha,4542.0,2
2001,British Columbia,Up to 0.1 ha,27.029,759
2002,British Columbia,0.11 - 1.0 ha,179.58,420
2002,British Columbia,1.1 - 10 ha,829.63,225
2002,British Columbia,10.1 - 100 ha,1824.4,58
2002,British Columbia,100.1 - 1 000 ha,2364.18,9
2002,British Columbia,1000 - 10 000 ha,3343.0,2
2002,British Columbia,Up to 0.1 ha,29.77,1058
2003,British Columbia,0.11 - 1.0 ha,221.61,505
2003,British Columbia,1.1 - 10 ha,901.917,263
2003,British Columbia,10 000 - 100 000 ha,136735.7,6
2003,British Columbia,10.1 - 100 ha,4518.4,115
2003,British Columbia,100.1 - 1 000 ha,20909.82,61
2003,British Columbia,1000 - 10 000 ha,101582.3,34
2003,British Columbia,Up to 0.1 ha,43.815,1473
2004,British Columbia,0.11 - 1.0 ha,229.74,475
2004,British Columbia,1.1 - 10 ha,870.23,256
2004,British Columbia,10 000 - 100 000 ha,122332.0,6
2004,British Columbia,10.1 - 100 ha,4028.46,113
2004,British Columbia,100.1 - 1 000 ha,17071.5,50
2004,British Columbia,1000 - 10 000 ha,75720.0,21
2004,British Columbia,Up to 0.1 ha,35.547,1484
2005,British Columbia,0.11 - 1.0 ha,94.84,215
2005,British Columbia,1.1 - 10 ha,424.45,122
2005,British Columbia,10 000 - 100 000 ha,12371.0,1
2005,British Columbia,10.1 - 100 ha,1692.5,49
2005,British Columbia,100.1 - 1 000 ha,5498.5,18
2005,British Columbia,1000 - 10 000 ha,14844.0,4
2005,British Columbia,Up to 0.1 ha,16.776,585
2006,British Columbia,0.11 - 1.0 ha,191.47,435
2006,British Columbia,1.1 - 10 ha,922.65,280
2006,British Columbia,10 000 - 100 000 ha,45111.5,4
2006,British Columbia,10.1 - 100 ha,4270.0,128
2006,British Columbia,100.1 - 1 000 ha,19301.1,64
2006,British Columbia,1000 - 10 000 ha,69311.6,21
2006,British Columbia,Up to 0.1 ha,42.472,1628
2007,British Columbia,0.11 - 1.0 ha,135.8,346
2007,British Columbia,1.1 - 10 ha,457.41,134
2007,British Columbia,10.1 - 100 ha,1934.4,55
2007,British Columbia,100.1 - 1 000 ha,4916.4,16
2007,British Columbia,1000 - 10 000 ha,22009.0,7
2007,British Columbia,Up to 0.1 ha,32.494,1049
2008,British Columbia,0.11 - 1.0 ha,157.107,387
2008,British Columbia,1.1 - 10 ha,591.71,169
2008,British Columbia,10.1 - 100 ha,2426.6,71
2008,British Columbia,100.1 - 1 000 ha,3490.2,15
2008,British Columbia,1000 - 10 000 ha,6648.0,2
2008,British Columbia,Up to 0.1 ha,33.671,1381
2009,British Columbia,0.11 - 1.0 ha,242.093,545
2009,British Columbia,1.1 - 10 ha,889.77,258
2009,British Columbia,10 000 - 100 000 ha,110678.0,3
2009,British Columbia,10.1 - 100 ha,6120.46,162
2009,British Columbia,100.1 - 1 000 ha,29299.07,81
2009,British Columbia,1000 - 10 000 ha,100067.5,30
2009,British Columbia,Up to 0.1 ha,46.575,1970
2010,British Columbia,0.11 - 1.0 ha,139.44,333
2010,British Columbia,1.1 - 10 ha,813.49,217
2010,British Columbia,10 000 - 100 000 ha,206914.7,9
2010,British Columbia,10.1 - 100 ha,3251.79,98
2010,British Columbia,100.1 - 1 000 ha,14180.5,43
2010,British Columbia,1000 - 10 000 ha,111844.9,32
2010,British Columbia,Up to 0.1 ha,22.378,957
2011,British Columbia,0.11 - 1.0 ha,61.09,131
2011,British Columbia,1.1 - 10 ha,302.9,79
2011,British Columbia,10 000 - 100 000 ha,11000.0,1
2011,British Columbia,10.1 - 100 ha,710.4,22
2011,British Columbia,100.1 - 1 000 ha,480.0,3
2011,British Columbia,Up to 0.1 ha,8.495,410
2012,British Columbia,0.11 - 1.0 ha,143.894,331
2012,British Columbia,1.1 - 10 ha,728.76,193
2012,British Columbia,10 000 - 100 000 ha,37048.1,2
2012,British Columbia,10.1 - 100 ha,2514.53,93
2012,British Columbia,100.1 - 1 000 ha,8520.8,24
2012,British Columbia,1000 - 10 000 ha,53139.2,15
2012,British Columbia,Up to 0.1 ha,21.373,982
2013,British Columbia,0.11 - 1.0 ha,149.787,353
2013,British Columbia,1.1 - 10 ha,746.96,195
2013,British Columbia,10.1 - 100 ha,2935.4,85
2013,British Columbia,100.1 - 1 000 ha,4015.3,15
2013,British Columbia,1000 - 10 000 ha,10429.6,5
2013,British Columbia,Up to 0.1 ha,26.052,1214
2014,British Columbia,0.11 - 1.0 ha,126.277,302
2014,British Columbia,1.1 - 10 ha,695.69,187
2014,British Columbia,10 000 - 100 000 ha,175698.8,5
2014,British Columbia,10.1 - 100 ha,2732.5,87
2014,British Columbia,100.1 - 1 000 ha,10125.3,31
2014,British Columbia,1000 - 10 000 ha,46427.51,16
2014,British Columbia,Over 100 000,133100.0,1
2014,British Columbia,Up to 0.1 ha,20.109,840
2015,British Columbia,0.11 - 1.0 ha,163.325,384
2015,British Columbia,1.1 - 10 ha,735.92,223
2015,British Columbia,10 000 - 100 000 ha,163064.2,9
2015,British Columbia,10.1 - 100 ha,2974.1,85
2015,British Columbia,100.1 - 1 000 ha,17505.47,52
2015,British Columbia,1000 - 10 000 ha,96395.8,28
2015,British Columbia,Up to 0.1 ha,25.446,1082
2016,British Columbia,0.11 - 1.0 ha,96.307,208
2016,British Columbia,1.1 - 10 ha,383.11,106
2016,British Columbia,10 000 - 100 000 ha,78439.0,2
2016,British Columbia,10.1 - 100 ha,2346.34,74
2016,British Columbia,100.1 - 1 000 ha,8773.8,25
2016,British Columbia,1000 - 10 000 ha,10323.0,2
2016,British Columbia,Up to 0.1 ha,16.074,651
2017,British Columbia,0.11 - 1.0 ha,125.326,279
2017,British Columbia,1.1 - 10 ha,559.89,156
2017,British Columbia,10 000 - 100 000 ha,139218.5,8
2017,British Columbia,10.1 - 100 ha,3244.24,84
2017,British Columbia,100.1 - 1 000 ha,14906.29,44
2017,British Columbia,1000 - 10 000 ha,105892.6,34
2017,British Columbia,Over 100 000,952175.0,3
2017,British Columbia,Up to 0.1 ha,17.362,741
2018,British Columbia,0.11 - 1.0 ha,171.443,412
2018,British Columbia,1.1 - 10 ha,1000.72,248
2018,British Columbia,10 000 - 100 000 ha,736723.49,22
2018,British Columbia,10.1 - 100 ha,7291.928,195
2018,British Columbia,100.1 - 1 000 ha,48626.62,135
2018,British Columbia,1000 - 10 000 ha,181394.96,59
2018,British Columbia,Over 100 000,378769.0,3
2018,British Columbia,Up to 0.1 ha,23.818,1015
2019,British Columbia,0.11 - 1.0 ha,70.506,177
2019,British Columbia,1.1 - 10 ha,448.5,113
2019,British Columbia,10.1 - 100 ha,1151.14,35
2019,British Columbia,100.1 - 1 000 ha,3859.32,12
2019,British Columbia,1000 - 10 000 ha,15966.0,5
2019,British Columbia,Up to 0.1 ha,11.058,492
2020,British Columbia,0.11 - 1.0 ha,4.65,7
2020,British Columbia,1.1 - 10 ha,16.8,3
2020,British Columbia,10.1 - 100 ha,66.0,1
2020,British Columbia,Up to 0.1 ha,0.106,8
1990,Manitoba,0.11 - 1.0 ha,104.9,182
1990,Manitoba,1.1 - 10 ha,527.3,134
1990,Manitoba,10.1 - 100 ha,1825.1,60
1990,Manitoba,100.1 - 1 000 ha,5432.9,16
1990,Manitoba,1000 - 10 000 ha,8238.3,5
1990,Manitoba,Up to 0.1 ha,16.5,165
1991,Manitoba,0.11 - 1.0 ha,111.5,203
1991,Manitoba,1.1 - 10 ha,545.6,141
1991,Manitoba,10 000 - 100 000 ha,91455.0,4
1991,Manitoba,10.1 - 100 ha,3339.2,86
1991,Manitoba,100.1 - 1 000 ha,12449.0,42
1991,Manitoba,1000 - 10 000 ha,43067.3,14
1991,Manitoba,Up to 0.1 ha,18.1,182
1992,Manitoba,0.11 - 1.0 ha,47.2,94
1992,Manitoba,1.1 - 10 ha,304.9,78
1992,Manitoba,10 000 - 100 000 ha,270806.0,6
1992,Manitoba,10.1 - 100 ha,1420.7,37
1992,Manitoba,100.1 - 1 000 ha,5560.0,16
1992,Manitoba,1000 - 10 000 ha,30369.3,9
1992,Manitoba,Over 100 000,125260.0,1
1992,Manitoba,Up to 0.1 ha,5.7,57
1993,Manitoba,0.11 - 1.0 ha,38.0,73
1993,Manitoba,1.1 - 10 ha,240.1,55
1993,Manitoba,10 000 - 100 000 ha,52229.0,3
1993,Manitoba,10.1 - 100 ha,1155.0,31
1993,Manitoba,100.1 - 1 000 ha,5145.8,19
1993,Manitoba,1000 - 10 000 ha,8461.0,3
1993,Manitoba,Up to 0.1 ha,5.5,55
1994,Manitoba,0.11 - 1.0 ha,111.7,164
1994,Manitoba,1.1 - 10 ha,482.0,126
1994,Manitoba,10 000 - 100 000 ha,630365.0,15
1994,Manitoba,10.1 - 100 ha,2779.0,83
1994,Manitoba,100.1 - 1 000 ha,16234.0,49
1994,Manitoba,1000 - 10 000 ha,88419.0,21
1994,Manitoba,Over 100 000,690386.0,4
1994,Manitoba,Up to 0.1 ha,9.0,93
1995,Manitoba,0.11 - 1.0 ha,125.7,232
1995,Manitoba,1.1 - 10 ha,402.0,117
1995,Manitoba,10 000 - 100 000 ha,746848.0,26
1995,Manitoba,10.1 - 100 ha,3081.7,80
1995,Manitoba,100.1 - 1 000 ha,11844.3,30
1995,Manitoba,1000 - 10 000 ha,126921.3,35
1995,Manitoba,Up to 0.1 ha,14.2,142
1996,Manitoba,0.11 - 1.0 ha,57.8,119
1996,Manitoba,1.1 - 10 ha,385.5,113
1996,Manitoba,10 000 - 100 000 ha,42167.0,3
1996,Manitoba,10.1 - 100 ha,2108.3,60
1996,Manitoba,100.1 - 1 000 ha,9318.3,26
1996,Manitoba,1000 - 10 000 ha,71281.4,20
1996,Manitoba,Up to 0.1 ha,8.1,83
1997,Manitoba,0.11 - 1.0 ha,75.1,130
1997,Manitoba,1.1 - 10 ha,366.4,92
1997,Manitoba,10.1 - 100 ha,1956.4,54
1997,Manitoba,100.1 - 1 000 ha,8234.6,24
1997,Manitoba,1000 - 10 000 ha,31160.2,8
1997,Manitoba,Up to 0.1 ha,6.4,65
1998,Manitoba,0.11 - 1.0 ha,81.4,132
1998,Manitoba,1.1 - 10 ha,630.4,151
1998,Manitoba,10 000 - 100 000 ha,272604.0,8
1998,Manitoba,10.1 - 100 ha,2429.0,78
1998,Manitoba,100.1 - 1 000 ha,9119.4,25
1998,Manitoba,1000 - 10 000 ha,61329.7,18
1998,Manitoba,Over 100 000,104368.0,1
1998,Manitoba,Up to 0.1 ha,10.2,103
1999,Manitoba,0.11 - 1.0 ha,102.4,169
1999,Manitoba,1.1 - 10 ha,712.2,182
1999,Manitoba,10 000 - 100 000 ha,47942.0,3
1999,Manitoba,10.1 - 100 ha,2800.0,72
1999,Manitoba,100.1 - 1 000 ha,14207.2,46
1999,Manitoba,1000 - 10 000 ha,44677.2,15
1999,Manitoba,Up to 0.1 ha,12.5,126
2000,Manitoba,0.11 - 1.0 ha,37.91,148
2000,Manitoba,1.1 - 10 ha,335.788,120
2000,Manitoba,10 000 - 100 000 ha,47689.892,2
2000,Manitoba,10.1 - 100 ha,1611.878,45
2000,Manitoba,100.1 - 1 000 ha,8568.893,24
2000,Manitoba,1000 - 10 000 ha,53454.911,14
2001,Manitoba,0.11 - 1.0 ha,54.81,214
2001,Manitoba,1.1 - 10 ha,655.74,200
2001,Manitoba,10.1 - 100 ha,2196.497,59
2001,Manitoba,100.1 - 1 000 ha,12075.571,34
2001,Manitoba,1000 - 10 000 ha,65539.211,20
2002,Manitoba,0.11 - 1.0 ha,86.372,338
2002,Manitoba,1.1 - 10 ha,820.207,257
2002,Manitoba,10 000 - 100 000 ha,30490.126,2
2002,Manitoba,10.1 - 100 ha,3580.399,104
2002,Manitoba,100.1 - 1 000 ha,12005.02,38
2002,Manitoba,1000 - 10 000 ha,48422.666,16
2003,Manitoba,0.11 - 1.0 ha,125.452,555
2003,Manitoba,1.1 - 10 ha,870.486,312
2003,Manitoba,10 000 - 100 000 ha,680784.338,23
2003,Manitoba,10.1 - 100 ha,7994.648,204
2003,Manitoba,100.1 - 1 000 ha,22722.052,57
2003,Manitoba,1000 - 10 000 ha,225679.451,56
2004,Manitoba,1.1 - 10 ha,55.9,11
2004,Manitoba,10.1 - 100 ha,401.2,15
2004,Manitoba,100.1 - 1 000 ha,8158.5,22
2004,Manitoba,1000 - 10 000 ha,18204.8,6
2004,Manitoba,Up to 0.1 ha,0.0,1
2005,Manitoba,0.11 - 1.0 ha,45.8,78
2005,Manitoba,1.1 - 10 ha,240.0,63
2005,Manitoba,10 000 - 100 000 ha,11749.0,1
2005,Manitoba,10.1 - 100 ha,701.0,15
2005,Manitoba,100.1 - 1 000 ha,9422.8,19
2005,Manitoba,1000 - 10 000 ha,50516.0,12
2005,Manitoba,Up to 0.1 ha,6.0,60
2006,Manitoba,0.11 - 1.0 ha,120.9,236
2006,Manitoba,1.1 - 10 ha,390.9,100
2006,Manitoba,10 000 - 100 000 ha,87236.8,5
2006,Manitoba,10.1 - 100 ha,2116.4,43
2006,Manitoba,100.1 - 1 000 ha,8874.3,23
2006,Manitoba,1000 - 10 000 ha,67285.6,21
2006,Manitoba,Up to 0.1 ha,25.4,254
2007,Manitoba,0.11 - 1.0 ha,52.1,123
2007,Manitoba,1.1 - 10 ha,277.6,77
2007,Manitoba,10 000 - 100 000 ha,279579.0,9
2007,Manitoba,10.1 - 100 ha,1251.4,31
2007,Manitoba,100.1 - 1 000 ha,8430.6,17
2007,Manitoba,1000 - 10 000 ha,46679.0,14
2007,Manitoba,Up to 0.1 ha,11.1,111
2008,Manitoba,0.11 - 1.0 ha,70.4,136
2008,Manitoba,1.1 - 10 ha,301.3,85
2008,Manitoba,10 000 - 100 000 ha,78746.1,3
2008,Manitoba,10.1 - 100 ha,1638.9,41
2008,Manitoba,100.1 - 1 000 ha,6094.8,15
2008,Manitoba,1000 - 10 000 ha,63811.1,17
2008,Manitoba,Up to 0.1 ha,10.0,100
2009,Manitoba,0.11 - 1.0 ha,32.3,60
2009,Manitoba,1.1 - 10 ha,172.7,47
2009,Manitoba,10.1 - 100 ha,887.2,24
2009,Manitoba,100.1 - 1 000 ha,1775.0,5
2009,Manitoba,Up to 0.1 ha,4.8,48
2010,Manitoba,0.11 - 1.0 ha,85.6,171
2010,Manitoba,1.1 - 10 ha,493.8,125
2010,Manitoba,10 000 - 100 000 ha,96895.3,4
2010,Manitoba,10.1 - 100 ha,1804.3,52
2010,Manitoba,100.1 - 1 000 ha,13958.2,42
2010,Manitoba,1000 - 10 000 ha,74240.3,23
2010,Manitoba,Up to 0.1 ha,16.6,166
2011,Manitoba,0.11 - 1.0 ha,51.8,103
2011,Manitoba,1.1 - 10 ha,202.8,63
2011,Manitoba,10 000 - 100 000 ha,103126.5,4
2011,Manitoba,10.1 - 100 ha,746.9,20
2011,Manitoba,100.1 - 1 000 ha,4935.7,13
2011,Manitoba,1000 - 10 000 ha,17769.9,5
2011,Manitoba,Up to 0.1 ha,10.7,107
2012,Manitoba,0.11 - 1.0 ha,75.5,157
2012,Manitoba,1.1 - 10 ha,307.1,84
2012,Manitoba,10 000 - 100 000 ha,96528.1,6
2012,Manitoba,10.1 - 100 ha,2591.2,65
2012,Manitoba,100.1 - 1 000 ha,16461.7,42
2012,Manitoba,1000 - 10 000 ha,100913.3,29
2012,Manitoba,Up to 0.1 ha,11.4,114
2013,Manitoba,0.11 - 1.0 ha,66.5,130
2013,Manitoba,1.1 - 10 ha,296.2,85
2013,Manitoba,10 000 - 100 000 ha,664055.9,23
2013,Manitoba,10.1 - 100 ha,2545.0,54
2013,Manitoba,100.1 - 1 000 ha,16270.6,44
2013,Manitoba,1000 - 10 000 ha,116475.1,31
2013,Manitoba,Over 100 000,315693.0,2
2013,Manitoba,Up to 0.1 ha,12.5,125
2014,Manitoba,0.11 - 1.0 ha,32.8,70
2014,Manitoba,1.1 - 10 ha,166.5,47
2014,Manitoba,10.1 - 100 ha,943.0,30
2014,Manitoba,100.1 - 1 000 ha,5903.2,20
2014,Manitoba,1000 - 10 000 ha,32055.3,7
2014,Manitoba,Up to 0.1 ha,7.1,71
2015,Manitoba,0.11 - 1.0 ha,55.3,102
2015,Manitoba,1.1 - 10 ha,448.3,127
2015,Manitoba,10.1 - 100 ha,2115.7,64
2015,Manitoba,100.1 - 1 000 ha,14974.6,42
2015,Manitoba,1000 - 10 000 ha,50526.9,16
2015,Manitoba,Up to 0.1 ha,10.8,108
2016,Manitoba,0.11 - 1.0 ha,21.7,42
2016,Manitoba,1.1 - 10 ha,250.3,49
2016,Manitoba,10 000 - 100 000 ha,12648.5,1
2016,Manitoba,10.1 - 100 ha,1589.3,35
2016,Manitoba,100.1 - 1 000 ha,6629.5,21
2016,Manitoba,1000 - 10 000 ha,17263.5,7
2016,Manitoba,Up to 0.1 ha,4.7,47
2017,Manitoba,0.11 - 1.0 ha,64.0,139
2017,Manitoba,1.1 - 10 ha,336.1,87
2017,Manitoba,10 000 - 100 000 ha,78087.6,5
2017,Manitoba,10.1 - 100 ha,3320.3,81
2017,Manitoba,100.1 - 1 000 ha,24880.3,66
2017,Manitoba,1000 - 10 000 ha,116477.3,40
2017,Manitoba,Up to 0.1 ha,13.9,139
2018,Manitoba,0.11 - 1.0 ha,57.7,122
2018,Manitoba,1.1 - 10 ha,358.2,91
2018,Manitoba,10 000 - 100 000 ha,146435.1,5
2018,Manitoba,10.1 - 100 ha,2848.9,72
2018,Manitoba,100.1 - 1 000 ha,14411.2,42
2018,Manitoba,1000 - 10 000 ha,70098.7,25
2018,Manitoba,Up to 0.1 ha,11.9,119
2019,Manitoba,0.11 - 1.0 ha,33.8,65
2019,Manitoba,1.1 - 10 ha,221.7,57
2019,Manitoba,10 000 - 100 000 ha,37445.4,2
2019,Manitoba,10.1 - 100 ha,2488.8,66
2019,Manitoba,100.1 - 1 000 ha,9986.0,29
2019,Manitoba,1000 - 10 000 ha,21106.3,7
2019,Manitoba,Up to 0.1 ha,5.2,52
1990,New Brunswick,0.11 - 1.0 ha,42.9,77
1990,New Brunswick,1.1 - 10 ha,149.7,46
1990,New Brunswick,10.1 - 100 ha,28.8,2
1990,New Brunswick,1000 - 10 000 ha,5984.0,2
1990,New Brunswick,Up to 0.1 ha,13.0,250
1991,New Brunswick,0.11 - 1.0 ha,97.9,172
1991,New Brunswick,1.1 - 10 ha,288.8,93
1991,New Brunswick,10.1 - 100 ha,217.0,11
1991,New Brunswick,100.1 - 1 000 ha,335.0,1
1991,New Brunswick,1000 - 10 000 ha,2600.0,1
1991,New Brunswick,Up to 0.1 ha,20.3,378
1992,New Brunswick,0.11 - 1.0 ha,95.4,170
1992,New Brunswick,1.1 - 10 ha,408.7,110
1992,New Brunswick,10.1 - 100 ha,662.3,22
1992,New Brunswick,100.1 - 1 000 ha,1181.0,2
1992,New Brunswick,1000 - 10 000 ha,3035.0,1
1992,New Brunswick,Up to 0.1 ha,16.5,271
1993,New Brunswick,0.11 - 1.0 ha,78.1,119
1993,New Brunswick,1.1 - 10 ha,240.7,74
1993,New Brunswick,10.1 - 100 ha,126.4,8
1993,New Brunswick,100.1 - 1 000 ha,318.0,1
1993,New Brunswick,Up to 0.1 ha,15.1,228
1994,New Brunswick,0.11 - 1.0 ha,80.6,153
1994,New Brunswick,1.1 - 10 ha,254.6,76
1994,New Brunswick,10.1 - 100 ha,271.4,11
1994,New Brunswick,100.1 - 1 000 ha,227.0,1
1994,New Brunswick,Up to 0.1 ha,19.7,277
1995,New Brunswick,0.11 - 1.0 ha,66.6,118
1995,New Brunswick,1.1 - 10 ha,190.5,55
1995,New Brunswick,10.1 - 100 ha,283.0,10
1995,New Brunswick,Up to 0.1 ha,29.4,364
1996,New Brunswick,0.11 - 1.0 ha,66.7,110
1996,New Brunswick,1.1 - 10 ha,136.7,44
1996,New Brunswick,10.1 - 100 ha,276.0,6
1996,New Brunswick,100.1 - 1 000 ha,1520.0,3
1996,New Brunswick,Up to 0.1 ha,17.4,204
1997,New Brunswick,0.11 - 1.0 ha,65.5,111
1997,New Brunswick,1.1 - 10 ha,134.5,41
1997,New Brunswick,10.1 - 100 ha,45.4,2
1997,New Brunswick,Up to 0.1 ha,18.5,214
1998,New Brunswick,0.11 - 1.0 ha,45.2,74
1998,New Brunswick,1.1 - 10 ha,87.0,32
1998,New Brunswick,10.1 - 100 ha,129.0,4
1998,New Brunswick,100.1 - 1 000 ha,136.0,1
1998,New Brunswick,Up to 0.1 ha,15.2,177
1999,New Brunswick,0.11 - 1.0 ha,84.6,151
1999,New Brunswick,1.1 - 10 ha,296.5,84
1999,New Brunswick,10.1 - 100 ha,367.0,15
1999,New Brunswick,100.1 - 1 000 ha,671.5,2
1999,New Brunswick,Up to 0.1 ha,33.2,355
2000,New Brunswick,0.11 - 1.0 ha,53.5,97
2000,New Brunswick,1.1 - 10 ha,190.9,55
2000,New Brunswick,10.1 - 100 ha,105.3,4
2000,New Brunswick,100.1 - 1 000 ha,125.0,1
2000,New Brunswick,Up to 0.1 ha,16.4,176
2001,New Brunswick,0.11 - 1.0 ha,92.6,165
2001,New Brunswick,1.1 - 10 ha,300.0,87
2001,New Brunswick,10.1 - 100 ha,348.0,10
2001,New Brunswick,Up to 0.1 ha,21.9,228
2002,New Brunswick,0.11 - 1.0 ha,52.5,98
2002,New Brunswick,1.1 - 10 ha,149.4,45
2002,New Brunswick,10.1 - 100 ha,107.6,3
2002,New Brunswick,Up to 0.1 ha,16.0,171
2003,New Brunswick,0.11 - 1.0 ha,55.1,91
2003,New Brunswick,1.1 - 10 ha,85.6,27
2003,New Brunswick,10.1 - 100 ha,87.6,4
2003,New Brunswick,Up to 0.1 ha,9.9,106
2004,New Brunswick,0.11 - 1.0 ha,51.5,95
2004,New Brunswick,1.1 - 10 ha,210.5,59
2004,New Brunswick,10.1 - 100 ha,188.2,8
2004,New Brunswick,Up to 0.1 ha,8.6,91
2005,New Brunswick,0.11 - 1.0 ha,57.0,96
2005,New Brunswick,1.1 - 10 ha,244.1,76
2005,New Brunswick,10.1 - 100 ha,184.9,8
2005,New Brunswick,Up to 0.1 ha,12.3,126
2006,New Brunswick,0.11 - 1.0 ha,59.2,106
2006,New Brunswick,1.1 - 10 ha,214.7,60
2006,New Brunswick,10.1 - 100 ha,190.0,9
2006,New Brunswick,100.1 - 1 000 ha,146.2,1
2006,New Brunswick,Up to 0.1 ha,12.5,132
2007,New Brunswick,0.11 - 1.0 ha,65.6,112
2007,New Brunswick,1.1 - 10 ha,231.4,60
2007,New Brunswick,10.1 - 100 ha,131.2,5
2007,New Brunswick,100.1 - 1 000 ha,150.0,1
2007,New Brunswick,Up to 0.1 ha,12.8,138
2008,New Brunswick,0.11 - 1.0 ha,26.6,50
2008,New Brunswick,1.1 - 10 ha,62.8,22
2008,New Brunswick,10.1 - 100 ha,43.7,2
2008,New Brunswick,Up to 0.1 ha,9.4,94
2009,New Brunswick,0.11 - 1.0 ha,33.3,64
2009,New Brunswick,1.1 - 10 ha,126.0,37
2009,New Brunswick,10.1 - 100 ha,85.4,4
2009,New Brunswick,Up to 0.1 ha,9.2,92
2010,New Brunswick,0.11 - 1.0 ha,24.8,49
2010,New Brunswick,1.1 - 10 ha,108.0,36
2010,New Brunswick,10.1 - 100 ha,14.2,1
2010,New Brunswick,Up to 0.1 ha,9.3,93
2011,New Brunswick,0.11 - 1.0 ha,12.9,29
2011,New Brunswick,1.1 - 10 ha,21.5,7
2011,New Brunswick,Up to 0.1 ha,3.1,31
2012,New Brunswick,0.11 - 1.0 ha,64.9,125
2012,New Brunswick,1.1 - 10 ha,215.2,70
2012,New Brunswick,10.1 - 100 ha,67.0,3
2012,New Brunswick,Up to 0.1 ha,14.0,140
2013,New Brunswick,0.11 - 1.0 ha,75.2,146
2013,New Brunswick,1.1 - 10 ha,219.2,73
2013,New Brunswick,10.1 - 100 ha,207.3,7
2013,New Brunswick,100.1 - 1 000 ha,366.0,3
2013,New Brunswick,Up to 0.1 ha,12.4,124
2014,New Brunswick,0.11 - 1.0 ha,34.6,73
2014,New Brunswick,1.1 - 10 ha,70.7,29
2014,New Brunswick,Up to 0.1 ha,7.8,78
2015,New Brunswick,0.11 - 1.0 ha,43.3,90
2015,New Brunswick,1.1 - 10 ha,127.2,40
2015,New Brunswick,10.1 - 100 ha,83.0,3
2015,New Brunswick,Up to 0.1 ha,8.8,88
2016,New Brunswick,0.11 - 1.0 ha,42.3,83
2016,New Brunswick,1.1 - 10 ha,164.5,52
2016,New Brunswick,10.1 - 100 ha,43.3,3
2016,New Brunswick,Up to 0.1 ha,14.7,147
2017,New Brunswick,0.11 - 1.0 ha,32.8,69
2017,New Brunswick,1.1 - 10 ha,51.4,17
2017,New Brunswick,10.1 - 100 ha,53.1,2
2017,New Brunswick,100.1 - 1 000 ha,415.0,1
2017,New Brunswick,Up to 0.1 ha,15.6,156
2018,New Brunswick,0.11 - 1.0 ha,40.6,77
2018,New Brunswick,1.1 - 10 ha,112.9,36
2018,New Brunswick,10.1 - 100 ha,140.7,5
2018,New Brunswick,Up to 0.1 ha,16.7,167
2019,New Brunswick,0.11 - 1.0 ha,23.9,52
2019,New Brunswick,1.1 - 10 ha,79.8,29
2019,New Brunswick,10.1 - 100 ha,114.2,3
2019,New Brunswick,Up to 0.1 ha,9.8,98
1990,Newfoundland and Labrador,0.11 - 1.0 ha,14.8,31
1990,Newfoundland and Labrador,1.1 - 10 ha,78.6,22
1990,Newfoundland and Labrador,10.1 - 100 ha,77.3,2
1990,Newfoundland and Labrador,100.1 - 1 000 ha,4839.0,11
1990,Newfoundland and Labrador,1000 - 10 000 ha,19591.0,3
1990,Newfoundland and Labrador,Up to 0.1 ha,1.6,96
1991,Newfoundland and Labrador,0.11 - 1.0 ha,14.3,29
1991,Newfoundland and Labrador,1.1 - 10 ha,51.0,16
1991,Newfoundland and Labrador,10.1 - 100 ha,371.4,9
1991,Newfoundland and Labrador,100.1 - 1 000 ha,3923.0,9
1991,Newfoundland and Labrador,1000 - 10 000 ha,52029.0,13
1991,Newfoundland and Labrador,Up to 0.1 ha,1.3,39
1992,Newfoundland and Labrador,0.11 - 1.0 ha,17.0,40
1992,Newfoundland and Labrador,1.1 - 10 ha,55.5,18
1992,Newfoundland and Labrador,10.1 - 100 ha,101.4,4
1992,Newfoundland and Labrador,100.1 - 1 000 ha,1635.0,4
1992,Newfoundland and Labrador,Up to 0.1 ha,0.8,40
1993,Newfoundland and Labrador,0.11 - 1.0 ha,14.0,23
1993,Newfoundland and Labrador,1.1 - 10 ha,21.0,4
1993,Newfoundland and Labrador,10.1 - 100 ha,19.6,1
1993,Newfoundland and Labrador,100.1 - 1 000 ha,2725.0,5
1993,Newfoundland and Labrador,1000 - 10 000 ha,25700.0,6
1993,Newfoundland and Labrador,Up to 0.1 ha,0.8,26
1994,Newfoundland and Labrador,0.11 - 1.0 ha,15.1,29
1994,Newfoundland and Labrador,1.1 - 10 ha,61.4,18
1994,Newfoundland and Labrador,10 000 - 100 000 ha,104000.0,2
1994,Newfoundland and Labrador,10.1 - 100 ha,274.3,8
1994,Newfoundland and Labrador,100.1 - 1 000 ha,2039.0,3
1994,Newfoundland and Labrador,1000 - 10 000 ha,3883.0,1
1994,Newfoundland and Labrador,Up to 0.1 ha,1.4,68
1995,Newfoundland and Labrador,0.11 - 1.0 ha,8.6,19
1995,Newfoundland and Labrador,1.1 - 10 ha,68.7,21
1995,Newfoundland and Labrador,10.1 - 100 ha,223.2,7
1995,Newfoundland and Labrador,100.1 - 1 000 ha,400.0,2
1995,Newfoundland and Labrador,Up to 0.1 ha,0.6,37
1996,Newfoundland and Labrador,0.11 - 1.0 ha,8.9,21
1996,Newfoundland and Labrador,1.1 - 10 ha,16.6,6
1996,Newfoundland and Labrador,10 000 - 100 000 ha,29000.0,2
1996,Newfoundland and Labrador,10.1 - 100 ha,134.4,4
1996,Newfoundland and Labrador,100.1 - 1 000 ha,4179.0,8
1996,Newfoundland and Labrador,1000 - 10 000 ha,47970.0,15
1996,Newfoundland and Labrador,Up to 0.1 ha,1.5,55
1997,Newfoundland and Labrador,0.11 - 1.0 ha,14.0,26
1997,Newfoundland and Labrador,1.1 - 10 ha,24.1,9
1997,Newfoundland and Labrador,10.1 - 100 ha,107.1,4
1997,Newfoundland and Labrador,100.1 - 1 000 ha,399.3,2
1997,Newfoundland and Labrador,1000 - 10 000 ha,8000.0,1
1997,Newfoundland and Labrador,Up to 0.1 ha,0.2,36
1998,Newfoundland and Labrador,0.11 - 1.0 ha,21.1,39
1998,Newfoundland and Labrador,1.1 - 10 ha,99.6,29
1998,Newfoundland and Labrador,10 000 - 100 000 ha,11700.0,1
1998,Newfoundland and Labrador,10.1 - 100 ha,206.3,7
1998,Newfoundland and Labrador,100.1 - 1 000 ha,1741.0,5
1998,Newfoundland and Labrador,1000 - 10 000 ha,26391.0,7
1998,Newfoundland and Labrador,Up to 0.1 ha,2.2,92
1999,Newfoundland and Labrador,0.11 - 1.0 ha,20.9,43
1999,Newfoundland and Labrador,1.1 - 10 ha,95.4,29
1999,Newfoundland and Labrador,10 000 - 100 000 ha,23812.0,1
1999,Newfoundland and Labrador,10.1 - 100 ha,328.9,9
1999,Newfoundland and Labrador,100.1 - 1 000 ha,3805.4,9
1999,Newfoundland and Labrador,1000 - 10 000 ha,10975.0,2
1999,Newfoundland and Labrador,Up to 0.1 ha,2.6,95
2000,Newfoundland and Labrador,0.11 - 1.0 ha,14.5,30
2000,Newfoundland and Labrador,1.1 - 10 ha,31.6,10
2000,Newfoundland and Labrador,10 000 - 100 000 ha,70545.497,3
2000,Newfoundland and Labrador,10.1 - 100 ha,169.191,3
2000,Newfoundland and Labrador,100.1 - 1 000 ha,3396.242,10
2000,Newfoundland and Labrador,1000 - 10 000 ha,29377.637,11
2000,Newfoundland and Labrador,Up to 0.1 ha,1.5,82
2001,Newfoundland and Labrador,0.11 - 1.0 ha,16.3,33
2001,Newfoundland and Labrador,1.1 - 10 ha,41.9,11
2001,Newfoundland and Labrador,10.1 - 100 ha,281.3,7
2001,Newfoundland and Labrador,100.1 - 1 000 ha,624.688,2
2001,Newfoundland and Labrador,Up to 0.1 ha,1.4,128
2002,Newfoundland and Labrador,0.11 - 1.0 ha,13.4,24
2002,Newfoundland and Labrador,1.1 - 10 ha,39.1,8
2002,Newfoundland and Labrador,10 000 - 100 000 ha,10557.734,1
2002,Newfoundland and Labrador,10.1 - 100 ha,269.479,8
2002,Newfoundland and Labrador,100.1 - 1 000 ha,449.824,3
2002,Newfoundland and Labrador,1000 - 10 000 ha,3454.109,1
2002,Newfoundland and Labrador,Up to 0.1 ha,1.0,54
2003,Newfoundland and Labrador,0.11 - 1.0 ha,10.5,26
2003,Newfoundland and Labrador,1.1 - 10 ha,43.2,16
2003,Newfoundland and Labrador,10.1 - 100 ha,145.569,4
2003,Newfoundland and Labrador,100.1 - 1 000 ha,2593.453,6
2003,Newfoundland and Labrador,1000 - 10 000 ha,24917.308,9
2003,Newfoundland and Labrador,Up to 0.1 ha,1.1,79
2004,Newfoundland and Labrador,0.11 - 1.0 ha,10.7,22
2004,Newfoundland and Labrador,1.1 - 10 ha,74.7,17
2004,Newfoundland and Labrador,100.1 - 1 000 ha,2068.886,3
2004,Newfoundland and Labrador,Up to 0.1 ha,1.8,82
2005,Newfoundland and Labrador,0.11 - 1.0 ha,10.2,23
2005,Newfoundland and Labrador,1.1 - 10 ha,69.0,19
2005,Newfoundland and Labrador,10.1 - 100 ha,191.362,6
2005,Newfoundland and Labrador,100.1 - 1 000 ha,575.929,1
2005,Newfoundland and Labrador,1000 - 10 000 ha,17400.528,4
2005,Newfoundland and Labrador,Up to 0.1 ha,1.5,68
2006,Newfoundland and Labrador,0.11 - 1.0 ha,5.4,12
2006,Newfoundland and Labrador,1.1 - 10 ha,36.2,11
2006,Newfoundland and Labrador,10.1 - 100 ha,197.361,6
2006,Newfoundland and Labrador,100.1 - 1 000 ha,559.414,1
2006,Newfoundland and Labrador,1000 - 10 000 ha,2666.193,1
2006,Newfoundland and Labrador,Up to 0.1 ha,1.0,35
2007,Newfoundland and Labrador,0.11 - 1.0 ha,2.293,7
2007,Newfoundland and Labrador,1.1 - 10 ha,40.821,8
2007,Newfoundland and Labrador,10.1 - 100 ha,231.883,5
2007,Newfoundland and Labrador,100.1 - 1 000 ha,468.58,3
2007,Newfoundland and Labrador,1000 - 10 000 ha,10606.146,3
2007,Newfoundland and Labrador,Up to 0.1 ha,1.2,40
2008,Newfoundland and Labrador,0.11 - 1.0 ha,9.0,19
2008,Newfoundland and Labrador,1.1 - 10 ha,69.6,16
2008,Newfoundland and Labrador,10.1 - 100 ha,20.4,2
2008,Newfoundland and Labrador,Up to 0.1 ha,1.0,35
2009,Newfoundland and Labrador,0.11 - 1.0 ha,13.6,32
2009,Newfoundland and Labrador,1.1 - 10 ha,63.057,21
2009,Newfoundland and Labrador,10 000 - 100 000 ha,16260.009,1
2009,Newfoundland and Labrador,10.1 - 100 ha,318.027,8
2009,Newfoundland and Labrador,Up to 0.1 ha,1.5,88
2010,Newfoundland and Labrador,0.11 - 1.0 ha,4.2,10
2010,Newfoundland and Labrador,1.1 - 10 ha,21.7,7
2010,Newfoundland and Labrador,10.1 - 100 ha,12.5,1
2010,Newfoundland and Labrador,100.1 - 1 000 ha,956.549,3
2010,Newfoundland and Labrador,Up to 0.1 ha,0.3,25
2011,Newfoundland and Labrador,0.11 - 1.0 ha,5.3,9
2011,Newfoundland and Labrador,1.1 - 10 ha,34.29574,9
2011,Newfoundland and Labrador,10.1 - 100 ha,61.65509,2
2011,Newfoundland and Labrador,100.1 - 1 000 ha,324.36404,2
2011,Newfoundland and Labrador,Up to 0.1 ha,0.0,19
2012,Newfoundland and Labrador,0.11 - 1.0 ha,17.06465,32
2012,Newfoundland and Labrador,1.1 - 10 ha,53.94584,15
2012,Newfoundland and Labrador,10.1 - 100 ha,146.4781,6
2012,Newfoundland and Labrador,100.1 - 1 000 ha,5828.827,12
2012,Newfoundland and Labrador,1000 - 10 000 ha,23234.97,9
2012,Newfoundland and Labrador,Up to 0.1 ha,1.4,64
2013,Newfoundland and Labrador,0.11 - 1.0 ha,7.5,15
2013,Newfoundland and Labrador,1.1 - 10 ha,37.5,8
2013,Newfoundland and Labrador,10 000 - 100 000 ha,27592.935,1
2013,Newfoundland and Labrador,10.1 - 100 ha,30.3,2
2013,Newfoundland and Labrador,1000 - 10 000 ha,2474.861,1
2013,Newfoundland and Labrador,Up to 0.1 ha,0.5,44
2014,Newfoundland and Labrador,1000 - 10 000 ha,8832.0,1
2015,Newfoundland and Labrador,0.11 - 1.0 ha,2.3,4
2015,Newfoundland and Labrador,1.1 - 10 ha,14.8,2
2015,Newfoundland and Labrador,10.1 - 100 ha,52.0,1
2015,Newfoundland and Labrador,100.1 - 1 000 ha,682.0,2
2015,Newfoundland and Labrador,1000 - 10 000 ha,2838.0,2
2015,Newfoundland and Labrador,Up to 0.1 ha,0.7,14
2016,Newfoundland and Labrador,0.11 - 1.0 ha,0.5,1
2016,Newfoundland and Labrador,1.1 - 10 ha,28.0,4
2016,Newfoundland and Labrador,10.1 - 100 ha,139.0,3
2016,Newfoundland and Labrador,100.1 - 1 000 ha,755.2,2
2016,Newfoundland and Labrador,1000 - 10 000 ha,9680.0,1
2016,Newfoundland and Labrador,Up to 0.1 ha,0.6,6
2017,Newfoundland and Labrador,0.11 - 1.0 ha,8.9,19
2017,Newfoundland and Labrador,1.1 - 10 ha,53.6,15
2017,Newfoundland and Labrador,10.1 - 100 ha,26.0,1
2017,Newfoundland and Labrador,100.1 - 1 000 ha,609.0,1
2017,Newfoundland and Labrador,Up to 0.1 ha,2.3,44
2018,Newfoundland and Labrador,0.11 - 1.0 ha,10.8,23
2018,Newfoundland and Labrador,1.1 - 10 ha,66.6,21
2018,Newfoundland and Labrador,10.1 - 100 ha,161.0,4
2018,Newfoundland and Labrador,100.1 - 1 000 ha,153.4,1
2018,Newfoundland and Labrador,Up to 0.1 ha,3.7,83
2019,Newfoundland and Labrador,0.11 - 1.0 ha,11.6,27
2019,Newfoundland and Labrador,1.1 - 10 ha,62.0,16
2019,Newfoundland and Labrador,10.1 - 100 ha,84.8,4
2019,Newfoundland and Labrador,100.1 - 1 000 ha,155.7,1
2019,Newfoundland and Labrador,Up to 0.1 ha,1.9,51
1990,Nova Scotia,0.11 - 1.0 ha,73.48,160
1990,Nova Scotia,1.1 - 10 ha,172.38,61
1990,Nova Scotia,10.1 - 100 ha,282.37,15
1990,Nova Scotia,100.1 - 1 000 ha,528.0,2
1990,Nova Scotia,Up to 0.1 ha,11.93,259
1991,Nova Scotia,0.11 - 1.0 ha,124.53,264
1991,Nova Scotia,1.1 - 10 ha,319.27,112
1991,Nova Scotia,10.1 - 100 ha,634.38,22
1991,Nova Scotia,100.1 - 1 000 ha,683.4,2
1991,Nova Scotia,Up to 0.1 ha,14.17,326
1992,Nova Scotia,0.11 - 1.0 ha,44.33,111
1992,Nova Scotia,1.1 - 10 ha,103.69,35
1992,Nova Scotia,10.1 - 100 ha,217.26,8
1992,Nova Scotia,100.1 - 1 000 ha,787.19,2
1992,Nova Scotia,Up to 0.1 ha,7.14,140
1993,Nova Scotia,0.11 - 1.0 ha,46.59,100
1993,Nova Scotia,1.1 - 10 ha,252.66,65
1993,Nova Scotia,10.1 - 100 ha,62.9,3
1993,Nova Scotia,Up to 0.1 ha,5.76,134
1994,Nova Scotia,0.11 - 1.0 ha,35.43,76
1994,Nova Scotia,1.1 - 10 ha,108.54,43
1994,Nova Scotia,10.1 - 100 ha,94.4,5
1994,Nova Scotia,Up to 0.1 ha,4.07,139
1995,Nova Scotia,0.11 - 1.0 ha,72.48,153
1995,Nova Scotia,1.1 - 10 ha,203.37,69
1995,Nova Scotia,10.1 - 100 ha,120.4,7
1995,Nova Scotia,Up to 0.1 ha,8.26,178
1996,Nova Scotia,0.11 - 1.0 ha,53.83,100
1996,Nova Scotia,1.1 - 10 ha,219.52,74
1996,Nova Scotia,10.1 - 100 ha,204.91,9
1996,Nova Scotia,100.1 - 1 000 ha,158.0,1
1996,Nova Scotia,Up to 0.1 ha,2.96,86
1997,Nova Scotia,0.11 - 1.0 ha,53.86,118
1997,Nova Scotia,1.1 - 10 ha,163.27,48
1997,Nova Scotia,10.1 - 100 ha,182.42,7
1997,Nova Scotia,100.1 - 1 000 ha,157.6,1
1997,Nova Scotia,Up to 0.1 ha,8.01,196
1998,Nova Scotia,0.11 - 1.0 ha,55.4,115
1998,Nova Scotia,1.1 - 10 ha,169.43,52
1998,Nova Scotia,10.1 - 100 ha,164.92,9
1998,Nova Scotia,Up to 0.1 ha,6.98,170
1999,Nova Scotia,0.11 - 1.0 ha,74.37,159
1999,Nova Scotia,1.1 - 10 ha,188.34,70
1999,Nova Scotia,10.1 - 100 ha,168.62,4
1999,Nova Scotia,100.1 - 1 000 ha,1382.3,5
1999,Nova Scotia,Up to 0.1 ha,9.81,226
2000,Nova Scotia,0.11 - 1.0 ha,28.78,59
2000,Nova Scotia,1.1 - 10 ha,74.6,26
2000,Nova Scotia,10.1 - 100 ha,11.9,1
2000,Nova Scotia,100.1 - 1 000 ha,367.0,2
2000,Nova Scotia,Up to 0.1 ha,5.89,124
2001,Nova Scotia,0.11 - 1.0 ha,70.46,151
2001,Nova Scotia,1.1 - 10 ha,160.75,50
2001,Nova Scotia,10.1 - 100 ha,287.88,11
2001,Nova Scotia,Up to 0.1 ha,9.72,273
2002,Nova Scotia,0.11 - 1.0 ha,34.07,82
2002,Nova Scotia,1.1 - 10 ha,131.46,39
2002,Nova Scotia,10.1 - 100 ha,39.1,3
2002,Nova Scotia,Up to 0.1 ha,6.62,143
2003,Nova Scotia,0.11 - 1.0 ha,43.61,95
2003,Nova Scotia,1.1 - 10 ha,135.93,44
2003,Nova Scotia,10.1 - 100 ha,173.87,9
2003,Nova Scotia,100.1 - 1 000 ha,898.0,2
2003,Nova Scotia,Up to 0.1 ha,5.35,122
2004,Nova Scotia,0.11 - 1.0 ha,46.62,101
2004,Nova Scotia,1.1 - 10 ha,135.83,45
2004,Nova Scotia,10.1 - 100 ha,101.31,4
2004,Nova Scotia,Up to 0.1 ha,6.07,108
2005,Nova Scotia,0.11 - 1.0 ha,51.0,51
2005,Nova Scotia,1.1 - 10 ha,177.0,50
2005,Nova Scotia,10.1 - 100 ha,137.0,7
2005,Nova Scotia,100.1 - 1 000 ha,130.0,1
2005,Nova Scotia,Up to 0.1 ha,0.0,180
2006,Nova Scotia,0.11 - 1.0 ha,49.0,49
2006,Nova Scotia,1.1 - 10 ha,168.0,45
2006,Nova Scotia,10.1 - 100 ha,255.0,8
2006,Nova Scotia,100.1 - 1 000 ha,1100.0,3
2006,Nova Scotia,Up to 0.1 ha,0.0,109
2007,Nova Scotia,0.11 - 1.0 ha,80.0,80
2007,Nova Scotia,1.1 - 10 ha,294.0,85
2007,Nova Scotia,10.1 - 100 ha,315.0,14
2007,Nova Scotia,Up to 0.1 ha,0.0,207
2008,Nova Scotia,0.11 - 1.0 ha,52.0,52
2008,Nova Scotia,1.1 - 10 ha,182.0,53
2008,Nova Scotia,10.1 - 100 ha,236.0,9
2008,Nova Scotia,100.1 - 1 000 ha,280.0,2
2008,Nova Scotia,1000 - 10 000 ha,1950.0,1
2008,Nova Scotia,Up to 0.1 ha,0.0,130
2009,Nova Scotia,0.11 - 1.0 ha,32.0,32
2009,Nova Scotia,1.1 - 10 ha,72.0,22
2009,Nova Scotia,10.1 - 100 ha,98.0,4
2009,Nova Scotia,100.1 - 1 000 ha,681.0,1
2009,Nova Scotia,Up to 0.1 ha,0.0,131
2010,Nova Scotia,0.11 - 1.0 ha,54.46,108
2010,Nova Scotia,1.1 - 10 ha,160.14,60
2010,Nova Scotia,10.1 - 100 ha,218.0,6
2010,Nova Scotia,Up to 0.1 ha,3.14,74
2011,Nova Scotia,0.11 - 1.0 ha,18.25,38
2011,Nova Scotia,1.1 - 10 ha,106.64,36
2011,Nova Scotia,10.1 - 100 ha,23.7,2
2011,Nova Scotia,Up to 0.1 ha,1.68,38
2012,Nova Scotia,0.11 - 1.0 ha,63.12,125
2012,Nova Scotia,1.1 - 10 ha,291.46,89
2012,Nova Scotia,Up to 0.1 ha,7.23,138
2013,Nova Scotia,0.11 - 1.0 ha,30.535,68
2013,Nova Scotia,1.1 - 10 ha,123.97,38
2013,Nova Scotia,10.1 - 100 ha,143.9,5
2013,Nova Scotia,Up to 0.1 ha,2.942,60
2014,Nova Scotia,0.11 - 1.0 ha,24.5,54
2014,Nova Scotia,1.1 - 10 ha,124.17,45
2014,Nova Scotia,10.1 - 100 ha,211.4,6
2014,Nova Scotia,100.1 - 1 000 ha,200.9,1
2014,Nova Scotia,Up to 0.1 ha,3.4907,65
2015,Nova Scotia,0.11 - 1.0 ha,47.18,99
2015,Nova Scotia,1.1 - 10 ha,195.24,57
2015,Nova Scotia,10.1 - 100 ha,145.3,7
2015,Nova Scotia,100.1 - 1 000 ha,123.0,1
2015,Nova Scotia,Up to 0.1 ha,6.0299,83
2016,Nova Scotia,0.11 - 1.0 ha,40.51,91
2016,Nova Scotia,1.1 - 10 ha,135.918,50
2016,Nova Scotia,10.1 - 100 ha,343.542,12
2016,Nova Scotia,100.1 - 1 000 ha,275.014,1
2016,Nova Scotia,Up to 0.1 ha,7.74,115
2017,Nova Scotia,0.11 - 1.0 ha,5.06,11
2017,Nova Scotia,1.1 - 10 ha,16.32,5
2017,Nova Scotia,10.1 - 100 ha,110.8,2
2017,Nova Scotia,100.1 - 1 000 ha,440.0,1
2017,Nova Scotia,Up to 0.1 ha,0.59,156
2018,Nova Scotia,0.11 - 1.0 ha,32.29000024,102
2018,Nova Scotia,1.1 - 10 ha,113.9200001,34
2018,Nova Scotia,10.1 - 100 ha,48.0,3
2018,Nova Scotia,Up to 0.1 ha,1.199999992,51
2019,Nova Scotia,0.11 - 1.0 ha,20.88,51
2019,Nova Scotia,1.1 - 10 ha,92.23,26
2019,Nova Scotia,10.1 - 100 ha,19.4,1
2019,Nova Scotia,Up to 0.1 ha,4.26,65
1990,Northwest Territories,0.11 - 1.0 ha,38.55,72
1990,Northwest Territories,1.1 - 10 ha,195.3,60
1990,Northwest Territories,10 000 - 100 000 ha,87501.0,4
1990,Northwest Territories,10.1 - 100 ha,924.0,22
1990,Northwest Territories,100.1 - 1 000 ha,4155.0,9
1990,Northwest Territories,1000 - 10 000 ha,11800.0,5
1990,Northwest Territories,Up to 0.1 ha,3.55,64
1991,Northwest Territories,0.11 - 1.0 ha,48.38,86
1991,Northwest Territories,1.1 - 10 ha,328.8,83
1991,Northwest Territories,10 000 - 100 000 ha,158097.0,8
1991,Northwest Territories,10.1 - 100 ha,1777.5,41
1991,Northwest Territories,100.1 - 1 000 ha,11074.66,23
1991,Northwest Territories,1000 - 10 000 ha,54136.0,11
1991,Northwest Territories,Up to 0.1 ha,4.08,79
1992,Northwest Territories,0.11 - 1.0 ha,54.2,94
1992,Northwest Territories,1.1 - 10 ha,249.45,73
1992,Northwest Territories,10.1 - 100 ha,730.5,17
1992,Northwest Territories,100.1 - 1 000 ha,9404.0,18
1992,Northwest Territories,1000 - 10 000 ha,26508.0,9
1992,Northwest Territories,Up to 0.1 ha,3.3,74
1993,Northwest Territories,0.11 - 1.0 ha,82.96,140
1993,Northwest Territories,1.1 - 10 ha,353.3,102
1993,Northwest Territories,10 000 - 100 000 ha,638022.0,17
1993,Northwest Territories,10.1 - 100 ha,1437.5,35
1993,Northwest Territories,100.1 - 1 000 ha,12673.23,32
1993,Northwest Territories,1000 - 10 000 ha,85086.0,27
1993,Northwest Territories,Over 100 000,126625.0,1
1993,Northwest Territories,Up to 0.1 ha,5.84,119
1994,Northwest Territories,0.11 - 1.0 ha,112.2,179
1994,Northwest Territories,1.1 - 10 ha,581.76,148
1994,Northwest Territories,10 000 - 100 000 ha,1018775.96,30
1994,Northwest Territories,10.1 - 100 ha,3432.4,81
1994,Northwest Territories,100.1 - 1 000 ha,16577.3,41
1994,Northwest Territories,1000 - 10 000 ha,213025.0,40
1994,Northwest Territories,Over 100 000,1774802.0,7
1994,Northwest Territories,Up to 0.1 ha,7.93,127
1995,Northwest Territories,0.11 - 1.0 ha,29.85,52
1995,Northwest Territories,1.1 - 10 ha,194.4,49
1995,Northwest Territories,10 000 - 100 000 ha,334166.0,11
1995,Northwest Territories,10.1 - 100 ha,455.5,17
1995,Northwest Territories,100.1 - 1 000 ha,6548.0,14
1995,Northwest Territories,1000 - 10 000 ha,54870.0,15
1995,Northwest Territories,Over 100 000,2447100.0,6
1995,Northwest Territories,Up to 0.1 ha,2.69,54
1996,Northwest Territories,0.11 - 1.0 ha,55.85,83
1996,Northwest Territories,1.1 - 10 ha,322.2,77
1996,Northwest Territories,10 000 - 100 000 ha,244658.9,13
1996,Northwest Territories,10.1 - 100 ha,2498.5,51
1996,Northwest Territories,100.1 - 1 000 ha,25542.0,53
1996,Northwest Territories,1000 - 10 000 ha,98464.9,31
1996,Northwest Territories,Up to 0.1 ha,2.37,42
1997,Northwest Territories,0.11 - 1.0 ha,10.3,20
1997,Northwest Territories,1.1 - 10 ha,126.1,31
1997,Northwest Territories,10 000 - 100 000 ha,98825.0,1
1997,Northwest Territories,10.1 - 100 ha,369.0,13
1997,Northwest Territories,100.1 - 1 000 ha,4190.0,13
1997,Northwest Territories,1000 - 10 000 ha,23010.0,5
1997,Northwest Territories,Up to 0.1 ha,0.87,22
1998,Northwest Territories,0.11 - 1.0 ha,54.35,83
1998,Northwest Territories,1.1 - 10 ha,409.85,98
1998,Northwest Territories,10 000 - 100 000 ha,845443.0,25
1998,Northwest Territories,10.1 - 100 ha,2027.0,54
1998,Northwest Territories,100.1 - 1 000 ha,15436.1,34
1998,Northwest Territories,1000 - 10 000 ha,195837.0,44
1998,Northwest Territories,Over 100 000,399750.7,3
1998,Northwest Territories,Up to 0.1 ha,2.16,58
1999,Northwest Territories,0.11 - 1.0 ha,23.85,36
1999,Northwest Territories,1.1 - 10 ha,198.8,48
1999,Northwest Territories,10 000 - 100 000 ha,94781.0,4
1999,Northwest Territories,10.1 - 100 ha,656.0,20
1999,Northwest Territories,100.1 - 1 000 ha,6859.0,16
1999,Northwest Territories,1000 - 10 000 ha,87451.0,18
1999,Northwest Territories,Over 100 000,371064.0,2
1999,Northwest Territories,Up to 0.1 ha,0.99,28
2000,Northwest Territories,0.11 - 1.0 ha,47.0,75
2000,Northwest Territories,1.1 - 10 ha,252.0,70
2000,Northwest Territories,10 000 - 100 000 ha,51140.0,3
2000,Northwest Territories,10.1 - 100 ha,1672.4,40
2000,Northwest Territories,100.1 - 1 000 ha,7733.0,16
2000,Northwest Territories,1000 - 10 000 ha,116989.0,28
2000,Northwest Territories,Up to 0.1 ha,2.39,43
2001,Northwest Territories,0.11 - 1.0 ha,20.15,33
2001,Northwest Territories,1.1 - 10 ha,145.0,34
2001,Northwest Territories,10 000 - 100 000 ha,67000.0,4
2001,Northwest Territories,10.1 - 100 ha,252.3,13
2001,Northwest Territories,100.1 - 1 000 ha,1653.0,4
2001,Northwest Territories,1000 - 10 000 ha,42190.0,11
2001,Northwest Territories,Up to 0.1 ha,1.27,28
2002,Northwest Territories,0.11 - 1.0 ha,12.5,20
2002,Northwest Territories,1.1 - 10 ha,105.7,28
2002,Northwest Territories,10.1 - 100 ha,417.4,11
2002,Northwest Territories,100.1 - 1 000 ha,3985.0,7
2002,Northwest Territories,1000 - 10 000 ha,22568.0,7
2002,Northwest Territories,Up to 0.1 ha,0.57,12
2003,Northwest Territories,0.11 - 1.0 ha,19.36,32
2003,Northwest Territories,1.1 - 10 ha,148.5,42
2003,Northwest Territories,10 000 - 100 000 ha,77330.0,4
2003,Northwest Territories,10.1 - 100 ha,1000.8,25
2003,Northwest Territories,100.1 - 1 000 ha,7067.5,16
2003,Northwest Territories,1000 - 10 000 ha,42254.3,16
2003,Northwest Territories,Up to 0.1 ha,0.94,25
2004,Northwest Territories,0.11 - 1.0 ha,44.45,65
2004,Northwest Territories,1.1 - 10 ha,187.3,50
2004,Northwest Territories,10 000 - 100 000 ha,299697.72,10
2004,Northwest Territories,10.1 - 100 ha,1802.14,36
2004,Northwest Territories,100.1 - 1 000 ha,13803.78,38
2004,Northwest Territories,1000 - 10 000 ha,200082.43,50
2004,Northwest Territories,Up to 0.1 ha,3.21,48
2005,Northwest Territories,0.11 - 1.0 ha,32.45,57
2005,Northwest Territories,1.1 - 10 ha,284.16,69
2005,Northwest Territories,10 000 - 100 000 ha,142095.59,5
2005,Northwest Territories,10.1 - 100 ha,1929.88,45
2005,Northwest Territories,100.1 - 1 000 ha,10122.9,27
2005,Northwest Territories,1000 - 10 000 ha,63665.74,19
2005,Northwest Territories,Up to 0.1 ha,1.9,39
2006,Northwest Territories,0.11 - 1.0 ha,22.01,36
2006,Northwest Territories,1.1 - 10 ha,145.34,39
2006,Northwest Territories,10.1 - 100 ha,1329.1,33
2006,Northwest Territories,100.1 - 1 000 ha,7964.6,19
2006,Northwest Territories,1000 - 10 000 ha,43934.46,15
2006,Northwest Territories,Up to 0.1 ha,1.52,24
2007,Northwest Territories,0.11 - 1.0 ha,20.54,41
2007,Northwest Territories,1.1 - 10 ha,150.3,40
2007,Northwest Territories,10 000 - 100 000 ha,376418.19,10
2007,Northwest Territories,10.1 - 100 ha,957.19,27
2007,Northwest Territories,100.1 - 1 000 ha,11162.34,29
2007,Northwest Territories,1000 - 10 000 ha,56419.58,14
2007,Northwest Territories,Up to 0.1 ha,1.24,23
2008,Northwest Territories,0.11 - 1.0 ha,19.75,33
2008,Northwest Territories,1.1 - 10 ha,201.41,53
2008,Northwest Territories,10 000 - 100 000 ha,210375.06,4
2008,Northwest Territories,10.1 - 100 ha,3332.5,72
2008,Northwest Territories,100.1 - 1 000 ha,11278.26,33
2008,Northwest Territories,1000 - 10 000 ha,83580.66,23
2008,Northwest Territories,Up to 0.1 ha,1.11,22
2009,Northwest Territories,0.11 - 1.0 ha,7.3,17
2009,Northwest Territories,1.1 - 10 ha,46.8,10
2009,Northwest Territories,10.1 - 100 ha,239.2,4
2009,Northwest Territories,100.1 - 1 000 ha,687.0,4
2009,Northwest Territories,1000 - 10 000 ha,1076.0,1
2009,Northwest Territories,Up to 0.1 ha,0.55,6
2010,Northwest Territories,0.11 - 1.0 ha,25.99,42
2010,Northwest Territories,1.1 - 10 ha,162.4,41
2010,Northwest Territories,10 000 - 100 000 ha,226705.05,9
2010,Northwest Territories,10.1 - 100 ha,1899.28,42
2010,Northwest Territories,100.1 - 1 000 ha,15629.07,32
2010,Northwest Territories,1000 - 10 000 ha,106503.8,30
2010,Northwest Territories,Up to 0.1 ha,1.4,28
2011,Northwest Territories,0.11 - 1.0 ha,25.8075,43
2011,Northwest Territories,1.1 - 10 ha,214.2,49
2011,Northwest Territories,10 000 - 100 000 ha,228392.0,5
2011,Northwest Territories,10.1 - 100 ha,1036.1414,29
2011,Northwest Territories,100.1 - 1 000 ha,9735.0557,23
2011,Northwest Territories,1000 - 10 000 ha,90176.37,23
2011,Northwest Territories,Up to 0.1 ha,1.25,27
2012,Northwest Territories,0.11 - 1.0 ha,27.0,42
2012,Northwest Territories,1.1 - 10 ha,272.2,57
2012,Northwest Territories,10 000 - 100 000 ha,129027.0,6
2012,Northwest Territories,10.1 - 100 ha,2035.5,44
2012,Northwest Territories,100.1 - 1 000 ha,25225.97,53
2012,Northwest Territories,1000 - 10 000 ha,143167.16,43
2012,Northwest Territories,Up to 0.1 ha,1.53,36
2013,Northwest Territories,0.11 - 1.0 ha,22.47,38
2013,Northwest Territories,1.1 - 10 ha,223.0,49
2013,Northwest Territories,10 000 - 100 000 ha,359372.21,15
2013,Northwest Territories,10.1 - 100 ha,1543.83,39
2013,Northwest Territories,100.1 - 1 000 ha,18944.19,43
2013,Northwest Territories,1000 - 10 000 ha,157765.9,42
2013,Northwest Territories,Up to 0.1 ha,1.12,22
2014,Northwest Territories,0.11 - 1.0 ha,42.9,64
2014,Northwest Territories,1.1 - 10 ha,191.42,39
2014,Northwest Territories,10 000 - 100 000 ha,1203014.2,44
2014,Northwest Territories,10.1 - 100 ha,1989.73,49
2014,Northwest Territories,100.1 - 1 000 ha,34689.82,80
2014,Northwest Territories,1000 - 10 000 ha,287087.42,76
2014,Northwest Territories,Over 100 000,1891273.2,8
2014,Northwest Territories,Up to 0.1 ha,1.83,25
2015,Northwest Territories,0.11 - 1.0 ha,24.7,37
2015,Northwest Territories,1.1 - 10 ha,137.54,27
2015,Northwest Territories,10 000 - 100 000 ha,415971.78,15
2015,Northwest Territories,10.1 - 100 ha,1790.66,35
2015,Northwest Territories,100.1 - 1 000 ha,22017.78,48
2015,Northwest Territories,1000 - 10 000 ha,207043.94,57
2015,Northwest Territories,Up to 0.1 ha,1.24,26
2016,Northwest Territories,0.11 - 1.0 ha,15.74,28
2016,Northwest Territories,1.1 - 10 ha,150.9,31
2016,Northwest Territories,10 000 - 100 000 ha,129342.33,5
2016,Northwest Territories,10.1 - 100 ha,1553.43,33
2016,Northwest Territories,100.1 - 1 000 ha,11847.41,30
2016,Northwest Territories,1000 - 10 000 ha,112088.14,31
2016,Northwest Territories,Up to 0.1 ha,1.41,30
2017,Northwest Territories,0.11 - 1.0 ha,18.4,29
2017,Northwest Territories,1.1 - 10 ha,92.8,26
2017,Northwest Territories,10 000 - 100 000 ha,340250.0,13
2017,Northwest Territories,10.1 - 100 ha,2103.3,46
2017,Northwest Territories,100.1 - 1 000 ha,22460.08,51
2017,Northwest Territories,1000 - 10 000 ha,189207.0,56
2017,Northwest Territories,Over 100 000,476126.0,2
2017,Northwest Territories,Up to 0.1 ha,1.23,38
2018,Northwest Territories,0.11 - 1.0 ha,2.8,4
2018,Northwest Territories,1.1 - 10 ha,49.5,13
2018,Northwest Territories,10.1 - 100 ha,842.2,19
2018,Northwest Territories,100.1 - 1 000 ha,3646.6,10
2018,Northwest Territories,1000 - 10 000 ha,11196.1,5
2018,Northwest Territories,Up to 0.1 ha,0.44,8
2019,Northwest Territories,0.11 - 1.0 ha,11.25,23
2019,Northwest Territories,1.1 - 10 ha,129.85,27
2019,Northwest Territories,10 000 - 100 000 ha,52813.0,1
2019,Northwest Territories,10.1 - 100 ha,1205.78,29
2019,Northwest Territories,100.1 - 1 000 ha,8938.15,27
2019,Northwest Territories,1000 - 10 000 ha,42068.01,14
2019,Northwest Territories,Up to 0.1 ha,1.13,25
1990,Ontario,0.11 - 1.0 ha,319.3000039,1283
1990,Ontario,1.1 - 10 ha,725.0999995,210
1990,Ontario,10 000 - 100 000 ha,128990.0,7
1990,Ontario,10.1 - 100 ha,2393.800002,59
1990,Ontario,100.1 - 1 000 ha,16031.0,41
1990,Ontario,1000 - 10 000 ha,35154.0,12
1991,Ontario,0.11 - 1.0 ha,479.8000059,2113
1991,Ontario,1.1 - 10 ha,1065.200001,299
1991,Ontario,10 000 - 100 000 ha,206257.0,6
1991,Ontario,10.1 - 100 ha,2733.1,81
1991,Ontario,100.1 - 1 000 ha,13294.0,39
1991,Ontario,1000 - 10 000 ha,94982.0,22
1992,Ontario,0.11 - 1.0 ha,188.4000022,713
1992,Ontario,1.1 - 10 ha,622.7000004,173
1992,Ontario,10 000 - 100 000 ha,131450.0,7
1992,Ontario,10.1 - 100 ha,1382.3,43
1992,Ontario,100.1 - 1 000 ha,4966.0,14
1992,Ontario,1000 - 10 000 ha,37385.0,10
1993,Ontario,0.11 - 1.0 ha,152.4000017,607
1993,Ontario,1.1 - 10 ha,315.4999999,89
1993,Ontario,10 000 - 100 000 ha,77027.0,4
1993,Ontario,10.1 - 100 ha,828.6000004,25
1993,Ontario,100.1 - 1 000 ha,3162.3,11
1993,Ontario,1000 - 10 000 ha,23179.0,6
1994,Ontario,0.11 - 1.0 ha,201.0000021,757
1994,Ontario,1.1 - 10 ha,844.3000005,221
1994,Ontario,10 000 - 100 000 ha,31912.0,2
1994,Ontario,10.1 - 100 ha,1968.8,65
1994,Ontario,100.1 - 1 000 ha,8463.3,20
1994,Ontario,1000 - 10 000 ha,40215.0,14
1995,Ontario,0.11 - 1.0 ha,376.5000046,1495
1995,Ontario,1.1 - 10 ha,1411.300002,388
1995,Ontario,10 000 - 100 000 ha,265260.0,14
1995,Ontario,10.1 - 100 ha,4228.8,128
1995,Ontario,100.1 - 1 000 ha,26114.3,71
1995,Ontario,1000 - 10 000 ha,202020.0,53
1995,Ontario,Over 100 000,113152.0,1
1996,Ontario,0.11 - 1.0 ha,219.1000023,841
1996,Ontario,1.1 - 10 ha,799.2000003,205
1996,Ontario,10 000 - 100 000 ha,176582.0,12
1996,Ontario,10.1 - 100 ha,3624.2,81
1996,Ontario,100.1 - 1 000 ha,26816.3,68
1996,Ontario,1000 - 10 000 ha,240961.3,64
1996,Ontario,Up to 0.1 ha,0.0,4
1997,Ontario,0.11 - 1.0 ha,346.300004,1384
1997,Ontario,1.1 - 10 ha,716.0000005,211
1997,Ontario,10.1 - 100 ha,1080.200001,31
1997,Ontario,100.1 - 1 000 ha,4379.8,13
1997,Ontario,1000 - 10 000 ha,32097.2,7
1998,Ontario,0.11 - 1.0 ha,451.7000052,1772
1998,Ontario,1.1 - 10 ha,1278.5,364
1998,Ontario,10 000 - 100 000 ha,43997.0,2
1998,Ontario,10.1 - 100 ha,3068.0,79
1998,Ontario,100.1 - 1 000 ha,20676.2,48
1998,Ontario,1000 - 10 000 ha,88701.0,26
1999,Ontario,0.11 - 1.0 ha,204.8000022,764
1999,Ontario,1.1 - 10 ha,644.1000001,163
1999,Ontario,10 000 - 100 000 ha,257094.0,7
1999,Ontario,10.1 - 100 ha,1889.4,49
1999,Ontario,100.1 - 1 000 ha,9791.5,23
1999,Ontario,1000 - 10 000 ha,58703.0,18
1999,Ontario,Up to 0.1 ha,0.0,1
2000,Ontario,0.11 - 1.0 ha,120.9000015,520
2000,Ontario,1.1 - 10 ha,386.4000008,93
2000,Ontario,10.1 - 100 ha,1175.100001,31
2000,Ontario,100.1 - 1 000 ha,2238.0,8
2000,Ontario,1000 - 10 000 ha,2858.0,1
2001,Ontario,0.11 - 1.0 ha,319.4000039,1292
2001,Ontario,1.1 - 10 ha,766.3999997,214
2001,Ontario,10.1 - 100 ha,1901.499998,62
2001,Ontario,100.1 - 1 000 ha,3907.9,16
2001,Ontario,1000 - 10 000 ha,3950.0,2
2002,Ontario,0.11 - 1.0 ha,213.2000028,933
2002,Ontario,1.1 - 10 ha,352.1,114
2002,Ontario,10 000 - 100 000 ha,89648.0,5
2002,Ontario,10.1 - 100 ha,2117.0,48
2002,Ontario,100.1 - 1 000 ha,16324.0,43
2002,Ontario,1000 - 10 000 ha,73565.4,19
2003,Ontario,0.11 - 1.0 ha,207.9000024,796
2003,Ontario,1.1 - 10 ha,575.0000006,162
2003,Ontario,10 000 - 100 000 ha,280326.0,8
2003,Ontario,10.1 - 100 ha,1500.199999,39
2003,Ontario,100.1 - 1 000 ha,13055.4,28
2003,Ontario,1000 - 10 000 ha,23446.5,6
2004,Ontario,0.11 - 1.0 ha,84.90000104,377
2004,Ontario,1.1 - 10 ha,143.8,51
2004,Ontario,10.1 - 100 ha,158.8999987,5
2004,Ontario,1000 - 10 000 ha,1230.0,1
2005,Ontario,0.11 - 1.0 ha,383.0000047,1703
2005,Ontario,1.1 - 10 ha,657.700001,197
2005,Ontario,10 000 - 100 000 ha,13623.0,1
2005,Ontario,10.1 - 100 ha,1015.999999,37
2005,Ontario,100.1 - 1 000 ha,4230.9,13
2005,Ontario,1000 - 10 000 ha,22428.0,8
2006,Ontario,0.11 - 1.0 ha,394.9000049,1834
2006,Ontario,1.1 - 10 ha,861.6999991,256
2006,Ontario,10 000 - 100 000 ha,34062.0,2
2006,Ontario,10.1 - 100 ha,4331.200002,112
2006,Ontario,100.1 - 1 000 ha,22768.5,54
2006,Ontario,1000 - 10 000 ha,87203.3,25
2007,Ontario,0.11 - 1.0 ha,221.2000027,928
2007,Ontario,1.1 - 10 ha,423.4999993,144
2007,Ontario,10 000 - 100 000 ha,29752.0,2
2007,Ontario,10.1 - 100 ha,1205.299999,38
2007,Ontario,100.1 - 1 000 ha,6119.8,13
2007,Ontario,1000 - 10 000 ha,2955.0,2
2008,Ontario,0.11 - 1.0 ha,61.80000069,295
2008,Ontario,1.1 - 10 ha,86.19999993,35
2008,Ontario,10.1 - 100 ha,178.4,7
2008,Ontario,100.1 - 1 000 ha,990.0,3
2009,Ontario,0.11 - 1.0 ha,63.40000066,290
2009,Ontario,1.1 - 10 ha,179.5000002,54
2009,Ontario,10.1 - 100 ha,743.6999998,20
2009,Ontario,100.1 - 1 000 ha,8019.0,17
2009,Ontario,1000 - 10 000 ha,11685.0,6
2010,Ontario,0.11 - 1.0 ha,189.7000021,720
2010,Ontario,1.1 - 10 ha,519.1999996,161
2010,Ontario,10.1 - 100 ha,1087.599997,33
2010,Ontario,100.1 - 1 000 ha,3558.0,13
2010,Ontario,1000 - 10 000 ha,9469.7,4
2011,Ontario,0.11 - 1.0 ha,239.6000032,1046
2011,Ontario,1.1 - 10 ha,549.8,165
2011,Ontario,10 000 - 100 000 ha,268212.1,13
2011,Ontario,10.1 - 100 ha,1673.600001,44
2011,Ontario,100.1 - 1 000 ha,13583.5,37
2011,Ontario,1000 - 10 000 ha,98116.1,30
2011,Ontario,Over 100 000,253000.0,2
2012,Ontario,0.11 - 1.0 ha,311.0000036,1269
2012,Ontario,1.1 - 10 ha,782.6999978,234
2012,Ontario,10 000 - 100 000 ha,83445.9,4
2012,Ontario,10.1 - 100 ha,2122.300001,56
2012,Ontario,100.1 - 1 000 ha,14804.4,38
2012,Ontario,1000 - 10 000 ha,51289.1,19
2013,Ontario,0.11 - 1.0 ha,102.7000012,420
2013,Ontario,1.1 - 10 ha,369.8000008,96
2013,Ontario,10 000 - 100 000 ha,16302.0,1
2013,Ontario,10.1 - 100 ha,1144.499997,32
2013,Ontario,100.1 - 1 000 ha,8529.0,23
2013,Ontario,1000 - 10 000 ha,24642.0,9
2014,Ontario,0.11 - 1.0 ha,58.3000008,252
2014,Ontario,1.1 - 10 ha,118.0999994,34
2014,Ontario,10.1 - 100 ha,706.1000004,15
2014,Ontario,100.1 - 1 000 ha,2463.0,6
2014,Ontario,1000 - 10 000 ha,2800.0,1
2015,Ontario,0.11 - 1.0 ha,116.7000015,480
2015,Ontario,1.1 - 10 ha,417.3000002,121
2015,Ontario,10 000 - 100 000 ha,15827.0,1
2015,Ontario,10.1 - 100 ha,1191.800001,35
2015,Ontario,100.1 - 1 000 ha,7088.0,26
2015,Ontario,1000 - 10 000 ha,18083.0,8
2016,Ontario,0.11 - 1.0 ha,120.1000012,520
2016,Ontario,1.1 - 10 ha,288.8000001,91
2016,Ontario,10 000 - 100 000 ha,74334.0,1
2016,Ontario,10.1 - 100 ha,830.9000006,26
2016,Ontario,100.1 - 1 000 ha,3159.0,7
2016,Ontario,1000 - 10 000 ha,7476.0,3
2017,Ontario,0.11 - 1.0 ha,123.5000015,533
2017,Ontario,1.1 - 10 ha,431.8000003,114
2017,Ontario,10 000 - 100 000 ha,51365.0,3
2017,Ontario,10.1 - 100 ha,2550.999996,73
2017,Ontario,100.1 - 1 000 ha,12490.0,41
2017,Ontario,1000 - 10 000 ha,45821.0,15
2018,Ontario,0.11 - 1.0 ha,240.8000031,930
2018,Ontario,1.1 - 10 ha,800.000002,246
2018,Ontario,10 000 - 100 000 ha,123883.0,6
2018,Ontario,10.1 - 100 ha,2349.200004,70
2018,Ontario,100.1 - 1 000 ha,15562.0,47
2018,Ontario,1000 - 10 000 ha,122855.0,29
2019,Ontario,0.11 - 1.0 ha,99.90000104,427
2019,Ontario,1.1 - 10 ha,211.0000002,67
2019,Ontario,10 000 - 100 000 ha,225442.0,5
2019,Ontario,10.1 - 100 ha,877.3000021,21
2019,Ontario,100.1 - 1 000 ha,4904.0,11
2019,Ontario,1000 - 10 000 ha,38191.0,7
1990,Parks Canada,0.11 - 1.0 ha,17.1,33
1990,Parks Canada,1.1 - 10 ha,55.2,15
1990,Parks Canada,10 000 - 100 000 ha,24000.0,2
1990,Parks Canada,10.1 - 100 ha,127.3,5
1990,Parks Canada,100.1 - 1 000 ha,600.0,2
1990,Parks Canada,Up to 0.1 ha,0.7,8
1991,Parks Canada,0.11 - 1.0 ha,4.1,7
1991,Parks Canada,1.1 - 10 ha,35.0,5
1991,Parks Canada,100.1 - 1 000 ha,990.0,3
1991,Parks Canada,Up to 0.1 ha,0.6,6
1992,Parks Canada,0.11 - 1.0 ha,1.0,1
1992,Parks Canada,10.1 - 100 ha,12.0,1
1992,Parks Canada,Up to 0.1 ha,0.3,3
1993,Parks Canada,0.11 - 1.0 ha,8.2,12
1993,Parks Canada,1.1 - 10 ha,23.0,7
1993,Parks Canada,10.1 - 100 ha,275.0,5
1993,Parks Canada,100.1 - 1 000 ha,1325.0,4
1993,Parks Canada,Up to 0.1 ha,0.6,6
1994,Parks Canada,0.11 - 1.0 ha,12.2,18
1994,Parks Canada,1.1 - 10 ha,54.5,13
1994,Parks Canada,10 000 - 100 000 ha,50769.0,2
1994,Parks Canada,10.1 - 100 ha,190.0,3
1994,Parks Canada,100.1 - 1 000 ha,2952.0,8
1994,Parks Canada,1000 - 10 000 ha,13166.0,2
1994,Parks Canada,Up to 0.1 ha,0.8,8
1995,Parks Canada,0.11 - 1.0 ha,1.9,3
1995,Parks Canada,1.1 - 10 ha,3.8,1
1995,Parks Canada,10.1 - 100 ha,180.0,3
1995,Parks Canada,100.1 - 1 000 ha,375.0,1
1995,Parks Canada,1000 - 10 000 ha,3844.0,2
1995,Parks Canada,Up to 0.1 ha,0.1,1
1996,Parks Canada,0.11 - 1.0 ha,5.0,6
1996,Parks Canada,1.1 - 10 ha,53.5,12
1996,Parks Canada,1000 - 10 000 ha,13577.0,2
1996,Parks Canada,Up to 0.1 ha,0.2,2
1997,Parks Canada,1.1 - 10 ha,22.0,4
1997,Parks Canada,10.1 - 100 ha,40.0,1
1997,Parks Canada,100.1 - 1 000 ha,137.0,1
1997,Parks Canada,Up to 0.1 ha,0.0,1
1998,Parks Canada,0.11 - 1.0 ha,1.0,5
1998,Parks Canada,1.1 - 10 ha,70.0,13
1998,Parks Canada,10.1 - 100 ha,368.0,12
1998,Parks Canada,100.1 - 1 000 ha,1734.0,4
1998,Parks Canada,1000 - 10 000 ha,25835.0,7
1998,Parks Canada,Up to 0.1 ha,0.2,2
1999,Parks Canada,0.11 - 1.0 ha,0.3,1
1999,Parks Canada,1.1 - 10 ha,4.0,1
1999,Parks Canada,10 000 - 100 000 ha,65803.0,1
1999,Parks Canada,10.1 - 100 ha,345.0,6
1999,Parks Canada,100.1 - 1 000 ha,1538.0,4
1999,Parks Canada,1000 - 10 000 ha,1800.0,1
1999,Parks Canada,Up to 0.1 ha,0.2,2
2000,Parks Canada,0.11 - 1.0 ha,17.21,31
2000,Parks Canada,1.1 - 10 ha,111.0,24
2000,Parks Canada,10.1 - 100 ha,703.0,20
2000,Parks Canada,100.1 - 1 000 ha,4003.0,9
2000,Parks Canada,1000 - 10 000 ha,8170.0,6
2000,Parks Canada,Up to 0.1 ha,3.21,38
2001,Parks Canada,0.11 - 1.0 ha,15.9,28
2001,Parks Canada,1.1 - 10 ha,82.9,18
2001,Parks Canada,10.1 - 100 ha,613.9,15
2001,Parks Canada,100.1 - 1 000 ha,5247.3,13
2001,Parks Canada,1000 - 10 000 ha,19030.1,5
2001,Parks Canada,Up to 0.1 ha,2.945,49
2002,Parks Canada,0.11 - 1.0 ha,10.1,23
2002,Parks Canada,1.1 - 10 ha,41.69,10
2002,Parks Canada,10.1 - 100 ha,567.0,14
2002,Parks Canada,100.1 - 1 000 ha,451.0,3
2002,Parks Canada,1000 - 10 000 ha,7810.0,3
2002,Parks Canada,Up to 0.1 ha,4.43,50
2003,Parks Canada,0.11 - 1.0 ha,13.85,30
2003,Parks Canada,1.1 - 10 ha,99.7,19
2003,Parks Canada,10 000 - 100 000 ha,112913.0,2
2003,Parks Canada,10.1 - 100 ha,403.5,9
2003,Parks Canada,100.1 - 1 000 ha,4430.5,11
2003,Parks Canada,1000 - 10 000 ha,34083.0,8
2003,Parks Canada,Up to 0.1 ha,4.901,50
2004,Parks Canada,0.11 - 1.0 ha,18.85,27
2004,Parks Canada,1.1 - 10 ha,37.0,9
2004,Parks Canada,10 000 - 100 000 ha,162530.0,3
2004,Parks Canada,10.1 - 100 ha,321.0,9
2004,Parks Canada,100.1 - 1 000 ha,3960.0,6
2004,Parks Canada,1000 - 10 000 ha,31860.0,9
2004,Parks Canada,Up to 0.1 ha,2.8926,38
2005,Parks Canada,0.11 - 1.0 ha,14.05,22
2005,Parks Canada,1.1 - 10 ha,91.5,18
2005,Parks Canada,10 000 - 100 000 ha,13750.0,1
2005,Parks Canada,10.1 - 100 ha,623.0,13
2005,Parks Canada,100.1 - 1 000 ha,3675.0,7
2005,Parks Canada,1000 - 10 000 ha,19159.0,7
2005,Parks Canada,Up to 0.1 ha,3.471,39
2006,Parks Canada,0.11 - 1.0 ha,16.2,35
2006,Parks Canada,1.1 - 10 ha,126.5,28
2006,Parks Canada,10.1 - 100 ha,652.22,16
2006,Parks Canada,100.1 - 1 000 ha,4980.0,13
2006,Parks Canada,1000 - 10 000 ha,27057.0,10
2006,Parks Canada,Up to 0.1 ha,4.15,47
2007,Parks Canada,0.11 - 1.0 ha,7.25,13
2007,Parks Canada,1.1 - 10 ha,50.6,9
2007,Parks Canada,10 000 - 100 000 ha,89204.0,1
2007,Parks Canada,10.1 - 100 ha,217.0,7
2007,Parks Canada,100.1 - 1 000 ha,2974.0,8
2007,Parks Canada,1000 - 10 000 ha,6700.0,1
2007,Parks Canada,Over 100 000,125208.0,1
2007,Parks Canada,Up to 0.1 ha,2.73,55
2008,Parks Canada,0.11 - 1.0 ha,9.66,19
2008,Parks Canada,1.1 - 10 ha,87.6,16
2008,Parks Canada,10.1 - 100 ha,443.0,15
2008,Parks Canada,100.1 - 1 000 ha,3581.0,10
2008,Parks Canada,1000 - 10 000 ha,18214.0,6
2008,Parks Canada,Up to 0.1 ha,3.463,62
2009,Parks Canada,0.11 - 1.0 ha,13.532,26
2009,Parks Canada,1.1 - 10 ha,96.1,18
2009,Parks Canada,10 000 - 100 000 ha,19352.0,1
2009,Parks Canada,10.1 - 100 ha,842.3,21
2009,Parks Canada,100.1 - 1 000 ha,4475.0,12
2009,Parks Canada,1000 - 10 000 ha,18079.12,9
2009,Parks Canada,Up to 0.1 ha,3.526,66
2010,Parks Canada,0.11 - 1.0 ha,7.2,14
2010,Parks Canada,1.1 - 10 ha,90.9,20
2010,Parks Canada,10.1 - 100 ha,555.54,16
2010,Parks Canada,100.1 - 1 000 ha,1864.0,8
2010,Parks Canada,1000 - 10 000 ha,5463.0,2
2010,Parks Canada,Up to 0.1 ha,2.7014,64
2011,Parks Canada,0.11 - 1.0 ha,5.05,14
2011,Parks Canada,1.1 - 10 ha,56.0,12
2011,Parks Canada,10 000 - 100 000 ha,78453.0,3
2011,Parks Canada,10.1 - 100 ha,675.2,17
2011,Parks Canada,100.1 - 1 000 ha,2073.0,5
2011,Parks Canada,1000 - 10 000 ha,8713.0,4
2011,Parks Canada,Up to 0.1 ha,0.543,39
2012,Parks Canada,0.11 - 1.0 ha,8.25,15
2012,Parks Canada,1.1 - 10 ha,69.5,14
2012,Parks Canada,10 000 - 100 000 ha,118134.0,5
2012,Parks Canada,10.1 - 100 ha,1013.1,19
2012,Parks Canada,100.1 - 1 000 ha,2591.0,8
2012,Parks Canada,1000 - 10 000 ha,38058.0,11
2012,Parks Canada,Over 100 000,114628.0,1
2012,Parks Canada,Up to 0.1 ha,1.6661,35
2013,Parks Canada,0.11 - 1.0 ha,8.5,14
2013,Parks Canada,1.1 - 10 ha,103.96,28
2013,Parks Canada,10 000 - 100 000 ha,10307.3,1
2013,Parks Canada,10.1 - 100 ha,1045.0,25
2013,Parks Canada,100.1 - 1 000 ha,4740.1,9
2013,Parks Canada,1000 - 10 000 ha,43638.0,11
2013,Parks Canada,Up to 0.1 ha,0.9112,34
2014,Parks Canada,0.11 - 1.0 ha,7.55,14
2014,Parks Canada,1.1 - 10 ha,69.16,15
2014,Parks Canada,10 000 - 100 000 ha,237817.2,6
2014,Parks Canada,10.1 - 100 ha,662.7,12
2014,Parks Canada,100.1 - 1 000 ha,1482.5,6
2014,Parks Canada,1000 - 10 000 ha,30277.8,7
2014,Parks Canada,Up to 0.1 ha,0.7931,17
2015,Parks Canada,0.11 - 1.0 ha,9.8,22
2015,Parks Canada,1.1 - 10 ha,77.1,21
2015,Parks Canada,10 000 - 100 000 ha,197821.1,10
2015,Parks Canada,10.1 - 100 ha,1066.7,23
2015,Parks Canada,100.1 - 1 000 ha,13338.9,25
2015,Parks Canada,1000 - 10 000 ha,38333.4,11
2015,Parks Canada,Over 100 000,214381.4,1
2015,Parks Canada,Up to 0.1 ha,1.2202,37
2016,Parks Canada,0.11 - 1.0 ha,5.9394,13
2016,Parks Canada,1.1 - 10 ha,32.8,11
2016,Parks Canada,10.1 - 100 ha,307.7,13
2016,Parks Canada,100.1 - 1 000 ha,5034.9,13
2016,Parks Canada,1000 - 10 000 ha,5797.3,1
2016,Parks Canada,Up to 0.1 ha,0.8609,38
2017,Parks Canada,0.11 - 1.0 ha,12.726,26
2017,Parks Canada,1.1 - 10 ha,67.9,15
2017,Parks Canada,10 000 - 100 000 ha,84411.9,4
2017,Parks Canada,10.1 - 100 ha,600.08,14
2017,Parks Canada,100.1 - 1 000 ha,6064.3,10
2017,Parks Canada,1000 - 10 000 ha,28160.27,8
2017,Parks Canada,Up to 0.1 ha,2.73711,102
2018,Parks Canada,0.11 - 1.0 ha,10.883,21
2018,Parks Canada,1.1 - 10 ha,77.43,22
2018,Parks Canada,10 000 - 100 000 ha,48671.6,2
2018,Parks Canada,10.1 - 100 ha,353.3,11
2018,Parks Canada,100.1 - 1 000 ha,2530.2,10
2018,Parks Canada,1000 - 10 000 ha,23915.9,6
2018,Parks Canada,Up to 0.1 ha,2.9122,97
2019,Parks Canada,0.11 - 1.0 ha,2.88,9
2019,Parks Canada,1.1 - 10 ha,37.849,9
2019,Parks Canada,10 000 - 100 000 ha,97309.6,2
2019,Parks Canada,10.1 - 100 ha,451.21,12
2019,Parks Canada,100.1 - 1 000 ha,5076.7,10
2019,Parks Canada,1000 - 10 000 ha,15216.7,6
2019,Parks Canada,Up to 0.1 ha,1.25421,39
2018,Prince Edward Island,0.11 - 1.0 ha,0.485145252,2
2018,Prince Edward Island,1.1 - 10 ha,6.660899733,2
2018,Prince Edward Island,Up to 0.1 ha,0.244106476,4
2019,Prince Edward Island,1.1 - 10 ha,14.16112824,2
2019,Prince Edward Island,Up to 0.1 ha,0.05,1
1990,Quebec,0.11 - 1.0 ha,86.3,181
1990,Quebec,1.1 - 10 ha,475.3,132
1990,Quebec,10 000 - 100 000 ha,27031.0,2
1990,Quebec,10.1 - 100 ha,1167.8,42
1990,Quebec,100.1 - 1 000 ha,8173.0,23
1990,Quebec,1000 - 10 000 ha,46399.0,12
1990,Quebec,Up to 0.1 ha,10.2,459
1991,Quebec,0.11 - 1.0 ha,132.8,269
1991,Quebec,1.1 - 10 ha,554.9,158
1991,Quebec,10 000 - 100 000 ha,225050.0,6
1991,Quebec,10.1 - 100 ha,1401.7,48
1991,Quebec,100.1 - 1 000 ha,7549.0,28
1991,Quebec,1000 - 10 000 ha,52627.0,13
1991,Quebec,Over 100 000,151000.0,1
1991,Quebec,Up to 0.1 ha,16.0,693
1992,Quebec,0.11 - 1.0 ha,98.1,223
1992,Quebec,1.1 - 10 ha,447.9,133
1992,Quebec,10.1 - 100 ha,1213.7,44
1992,Quebec,100.1 - 1 000 ha,4108.0,12
1992,Quebec,1000 - 10 000 ha,21235.0,7
1992,Quebec,Up to 0.1 ha,8.8,346
1993,Quebec,0.11 - 1.0 ha,55.2,115
1993,Quebec,1.1 - 10 ha,230.7,72
1993,Quebec,10 000 - 100 000 ha,123525.0,3
1993,Quebec,10.1 - 100 ha,466.1,17
1993,Quebec,100.1 - 1 000 ha,980.0,2
1993,Quebec,1000 - 10 000 ha,2970.0,1
1993,Quebec,Up to 0.1 ha,7.0,333
1994,Quebec,0.11 - 1.0 ha,69.2,153
1994,Quebec,1.1 - 10 ha,329.2,87
1994,Quebec,10 000 - 100 000 ha,100175.0,2
1994,Quebec,10.1 - 100 ha,767.8,21
1994,Quebec,100.1 - 1 000 ha,5659.0,15
1994,Quebec,1000 - 10 000 ha,9036.0,3
1994,Quebec,Up to 0.1 ha,4.1,218
1995,Quebec,0.11 - 1.0 ha,134.3,272
1995,Quebec,1.1 - 10 ha,656.6,184
1995,Quebec,10 000 - 100 000 ha,523328.0,13
1995,Quebec,10.1 - 100 ha,3116.9,92
1995,Quebec,100.1 - 1 000 ha,14679.0,43
1995,Quebec,1000 - 10 000 ha,60800.0,21
1995,Quebec,Over 100 000,125000.0,1
1995,Quebec,Up to 0.1 ha,11.9,639
1996,Quebec,0.11 - 1.0 ha,108.7,219
1996,Quebec,1.1 - 10 ha,923.0,228
1996,Quebec,10 000 - 100 000 ha,473273.0,24
1996,Quebec,10.1 - 100 ha,4322.9,107
1996,Quebec,100.1 - 1 000 ha,28988.0,76
1996,Quebec,1000 - 10 000 ha,183964.4,50
1996,Quebec,Up to 0.1 ha,9.6,546
1997,Quebec,0.11 - 1.0 ha,98.2,213
1997,Quebec,1.1 - 10 ha,356.5,95
1997,Quebec,10 000 - 100 000 ha,267405.0,13
1997,Quebec,10.1 - 100 ha,1173.4,32
1997,Quebec,100.1 - 1 000 ha,6843.0,19
1997,Quebec,1000 - 10 000 ha,117194.0,32
1997,Quebec,Up to 0.1 ha,9.1,472
1998,Quebec,0.11 - 1.0 ha,82.5,191
1998,Quebec,1.1 - 10 ha,284.8,102
1998,Quebec,10 000 - 100 000 ha,238464.0,11
1998,Quebec,10.1 - 100 ha,586.3,16
1998,Quebec,100.1 - 1 000 ha,9696.5,20
1998,Quebec,1000 - 10 000 ha,67724.0,17
1998,Quebec,Over 100 000,101457.0,1
1998,Quebec,Up to 0.1 ha,11.7,496
1999,Quebec,0.11 - 1.0 ha,113.4,238
1999,Quebec,1.1 - 10 ha,438.5,139
1999,Quebec,10 000 - 100 000 ha,68482.0,2
1999,Quebec,10.1 - 100 ha,832.8,32
1999,Quebec,100.1 - 1 000 ha,3142.2,10
1999,Quebec,1000 - 10 000 ha,24724.4,7
1999,Quebec,Up to 0.1 ha,13.9,609
2000,Quebec,0.11 - 1.0 ha,53.7,113
2000,Quebec,1.1 - 10 ha,234.5,77
2000,Quebec,10 000 - 100 000 ha,27826.0,2
2000,Quebec,10.1 - 100 ha,613.2,17
2000,Quebec,100.1 - 1 000 ha,2877.0,9
2000,Quebec,1000 - 10 000 ha,7597.0,5
2000,Quebec,Up to 0.1 ha,6.9,293
2001,Quebec,0.11 - 1.0 ha,101.0,218
2001,Quebec,1.1 - 10 ha,417.8,122
2001,Quebec,10 000 - 100 000 ha,19137.0,1
2001,Quebec,10.1 - 100 ha,947.0,25
2001,Quebec,100.1 - 1 000 ha,2073.1,4
2001,Quebec,1000 - 10 000 ha,10379.0,2
2001,Quebec,Up to 0.1 ha,13.3,631
2002,Quebec,0.11 - 1.0 ha,81.6,175
2002,Quebec,1.1 - 10 ha,394.0,115
2002,Quebec,10 000 - 100 000 ha,667922.0,21
2002,Quebec,10.1 - 100 ha,842.3,28
2002,Quebec,100.1 - 1 000 ha,13445.0,33
2002,Quebec,1000 - 10 000 ha,104440.0,35
2002,Quebec,Over 100 000,226614.0,2
2002,Quebec,Up to 0.1 ha,10.7,486
2003,Quebec,0.11 - 1.0 ha,74.1,156
2003,Quebec,1.1 - 10 ha,373.1,113
2003,Quebec,10 000 - 100 000 ha,28905.0,2
2003,Quebec,10.1 - 100 ha,1673.8,48
2003,Quebec,100.1 - 1 000 ha,9597.0,25
2003,Quebec,1000 - 10 000 ha,47227.0,10
2003,Quebec,Up to 0.1 ha,10.3,362
2004,Quebec,0.11 - 1.0 ha,33.2,67
2004,Quebec,1.1 - 10 ha,150.6,38
2004,Quebec,10.1 - 100 ha,242.9,7
2004,Quebec,100.1 - 1 000 ha,2613.0,4
2004,Quebec,Up to 0.1 ha,4.5,203
2005,Quebec,0.11 - 1.0 ha,150.2,317
2005,Quebec,1.1 - 10 ha,669.4,206
2005,Quebec,10 000 - 100 000 ha,594661.0,24
2005,Quebec,10.1 - 100 ha,1600.2,50
2005,Quebec,100.1 - 1 000 ha,15541.0,42
2005,Quebec,1000 - 10 000 ha,187494.0,50
2005,Quebec,Up to 0.1 ha,14.5,685
2006,Quebec,0.11 - 1.0 ha,68.4,163
2006,Quebec,1.1 - 10 ha,395.1,105
2006,Quebec,10 000 - 100 000 ha,80089.0,3
2006,Quebec,10.1 - 100 ha,1604.6,41
2006,Quebec,100.1 - 1 000 ha,9640.0,23
2006,Quebec,1000 - 10 000 ha,44545.0,13
2006,Quebec,Up to 0.1 ha,9.0,335
2007,Quebec,0.11 - 1.0 ha,106.3,225
2007,Quebec,1.1 - 10 ha,539.1,150
2007,Quebec,10 000 - 100 000 ha,206926.0,10
2007,Quebec,10.1 - 100 ha,1908.3,55
2007,Quebec,100.1 - 1 000 ha,16920.7,37
2007,Quebec,1000 - 10 000 ha,116271.3,32
2007,Quebec,Up to 0.1 ha,10.4,426
2008,Quebec,0.11 - 1.0 ha,24.4,52
2008,Quebec,1.1 - 10 ha,103.5,26
2008,Quebec,10.1 - 100 ha,472.0,13
2008,Quebec,100.1 - 1 000 ha,879.0,2
2008,Quebec,Up to 0.1 ha,2.7,129
2009,Quebec,0.11 - 1.0 ha,60.6,112
2009,Quebec,1.1 - 10 ha,266.3,75
2009,Quebec,10 000 - 100 000 ha,26878.6,1
2009,Quebec,10.1 - 100 ha,1372.9,32
2009,Quebec,100.1 - 1 000 ha,5265.2,14
2009,Quebec,1000 - 10 000 ha,60122.4,16
2009,Quebec,Up to 0.1 ha,5.7,233
2010,Quebec,0.11 - 1.0 ha,79.8,193
2010,Quebec,1.1 - 10 ha,365.5,110
2010,Quebec,10 000 - 100 000 ha,160153.5,9
2010,Quebec,10.1 - 100 ha,961.0,28
2010,Quebec,100.1 - 1 000 ha,5981.6,20
2010,Quebec,1000 - 10 000 ha,40330.3,10
2010,Quebec,Over 100 000,107004.1,1
2010,Quebec,Up to 0.1 ha,8.0,366
2011,Quebec,0.11 - 1.0 ha,33.8,73
2011,Quebec,1.1 - 10 ha,176.9,52
2011,Quebec,10.1 - 100 ha,333.4,9
2011,Quebec,100.1 - 1 000 ha,4287.3,11
2011,Quebec,1000 - 10 000 ha,7561.4,3
2011,Quebec,Up to 0.1 ha,4.7,181
2012,Quebec,0.11 - 1.0 ha,72.4,165
2012,Quebec,1.1 - 10 ha,318.4,105
2012,Quebec,10 000 - 100 000 ha,31549.5,2
2012,Quebec,10.1 - 100 ha,838.8,30
2012,Quebec,100.1 - 1 000 ha,5639.4,17
2012,Quebec,1000 - 10 000 ha,25612.0,8
2012,Quebec,Up to 0.1 ha,12.6,468
2013,Quebec,0.11 - 1.0 ha,44.6,97
2013,Quebec,1.1 - 10 ha,245.0,73
2013,Quebec,10 000 - 100 000 ha,427278.3,14
2013,Quebec,10.1 - 100 ha,1248.3,30
2013,Quebec,100.1 - 1 000 ha,4768.6,16
2013,Quebec,1000 - 10 000 ha,85813.0,22
2013,Quebec,Over 100 000,1353437.0,5
2013,Quebec,Up to 0.1 ha,7.4,258
2014,Quebec,0.11 - 1.0 ha,26.9,64
2014,Quebec,1.1 - 10 ha,118.8,35
2014,Quebec,10 000 - 100 000 ha,37904.2,2
2014,Quebec,10.1 - 100 ha,562.3,16
2014,Quebec,100.1 - 1 000 ha,3186.4,10
2014,Quebec,1000 - 10 000 ha,21919.4,5
2014,Quebec,Up to 0.1 ha,2.7,160
2015,Quebec,0.11 - 1.0 ha,39.1,94
2015,Quebec,1.1 - 10 ha,187.8,60
2015,Quebec,10.1 - 100 ha,193.3,7
2015,Quebec,100.1 - 1 000 ha,2891.6,9
2015,Quebec,1000 - 10 000 ha,2059.9,2
2015,Quebec,Up to 0.1 ha,7.9,212
2016,Quebec,0.11 - 1.0 ha,55.2,118
2016,Quebec,1.1 - 10 ha,248.6,67
2016,Quebec,10.1 - 100 ha,1352.4,38
2016,Quebec,100.1 - 1 000 ha,11880.9,32
2016,Quebec,1000 - 10 000 ha,19823.1,10
2016,Quebec,Up to 0.1 ha,10.6,337
2017,Quebec,0.11 - 1.0 ha,23.0,52
2017,Quebec,1.1 - 10 ha,81.0,28
2017,Quebec,10 000 - 100 000 ha,15430.4,1
2017,Quebec,10.1 - 100 ha,371.6,8
2017,Quebec,100.1 - 1 000 ha,3362.1,10
2017,Quebec,1000 - 10 000 ha,19120.3,7
2017,Quebec,Up to 0.1 ha,3.5,211
2018,Quebec,0.11 - 1.0 ha,51.2,127
2018,Quebec,1.1 - 10 ha,263.2,75
2018,Quebec,10 000 - 100 000 ha,12985.0,1
2018,Quebec,10.1 - 100 ha,979.6,32
2018,Quebec,100.1 - 1 000 ha,5970.9,19
2018,Quebec,1000 - 10 000 ha,66001.1,17
2018,Quebec,Up to 0.1 ha,9.7,321
2019,Quebec,0.11 - 1.0 ha,30.5,72
2019,Quebec,1.1 - 10 ha,94.7,29
2019,Quebec,10.1 - 100 ha,441.3,14
2019,Quebec,100.1 - 1 000 ha,1876.5,7
2019,Quebec,1000 - 10 000 ha,7156.0,3
2019,Quebec,Up to 0.1 ha,5.0,232
1990,Saskatchewan,0.11 - 1.0 ha,145.05,254
1990,Saskatchewan,1.1 - 10 ha,372.1,94
1990,Saskatchewan,10 000 - 100 000 ha,152988.826,7
1990,Saskatchewan,10.1 - 100 ha,1767.965759,51
1990,Saskatchewan,100.1 - 1 000 ha,8686.09348,21
1990,Saskatchewan,1000 - 10 000 ha,52077.60298,18
1990,Saskatchewan,Up to 0.1 ha,18.04,452
1991,Saskatchewan,0.11 - 1.0 ha,110.45,190
1991,Saskatchewan,1.1 - 10 ha,459.22,104
1991,Saskatchewan,10 000 - 100 000 ha,133317.1,6
1991,Saskatchewan,10.1 - 100 ha,1931.99,52
1991,Saskatchewan,100.1 - 1 000 ha,8201.41,25
1991,Saskatchewan,1000 - 10 000 ha,54142.18,17
1991,Saskatchewan,Up to 0.1 ha,12.76,368
1992,Saskatchewan,0.11 - 1.0 ha,102.49,179
1992,Saskatchewan,1.1 - 10 ha,365.64,97
1992,Saskatchewan,10 000 - 100 000 ha,73337.64,3
1992,Saskatchewan,10.1 - 100 ha,1502.14,44
1992,Saskatchewan,100.1 - 1 000 ha,6956.17,20
1992,Saskatchewan,1000 - 10 000 ha,15480.3,4
1992,Saskatchewan,Up to 0.1 ha,12.01,352
1993,Saskatchewan,0.11 - 1.0 ha,106.6,200
1993,Saskatchewan,1.1 - 10 ha,367.28,88
1993,Saskatchewan,10 000 - 100 000 ha,204500.0,6
1993,Saskatchewan,10.1 - 100 ha,2450.65,61
1993,Saskatchewan,100.1 - 1 000 ha,10645.85,32
1993,Saskatchewan,1000 - 10 000 ha,88405.01,18
1993,Saskatchewan,Over 100 000,301715.3,1
1993,Saskatchewan,Up to 0.1 ha,9.15,239
1994,Saskatchewan,0.11 - 1.0 ha,148.65,231
1994,Saskatchewan,1.1 - 10 ha,353.3,100
1994,Saskatchewan,10 000 - 100 000 ha,428732.0,17
1994,Saskatchewan,10.1 - 100 ha,2126.77,50
1994,Saskatchewan,100.1 - 1 000 ha,6937.86,17
1994,Saskatchewan,1000 - 10 000 ha,106366.3,25
1994,Saskatchewan,Over 100 000,301344.0,2
1994,Saskatchewan,Up to 0.1 ha,10.57,255
1995,Saskatchewan,0.11 - 1.0 ha,127.12,198
1995,Saskatchewan,1.1 - 10 ha,412.25,95
1995,Saskatchewan,10 000 - 100 000 ha,924086.0,23
1995,Saskatchewan,10.1 - 100 ha,1443.15,31
1995,Saskatchewan,100.1 - 1 000 ha,11293.5,32
1995,Saskatchewan,1000 - 10 000 ha,117563.8,32
1995,Saskatchewan,Over 100 000,593500.0,4
1995,Saskatchewan,Up to 0.1 ha,8.07,235
1996,Saskatchewan,0.11 - 1.0 ha,54.48,89
1996,Saskatchewan,1.1 - 10 ha,185.72,55
1996,Saskatchewan,10.1 - 100 ha,915.0,23
1996,Saskatchewan,100.1 - 1 000 ha,4257.7,14
1996,Saskatchewan,1000 - 10 000 ha,7565.0,3
1996,Saskatchewan,Up to 0.1 ha,9.09,241
1997,Saskatchewan,0.11 - 1.0 ha,71.81,126
1997,Saskatchewan,1.1 - 10 ha,292.65,81
1997,Saskatchewan,10.1 - 100 ha,1199.24,28
1997,Saskatchewan,100.1 - 1 000 ha,2303.8,9
1997,Saskatchewan,Up to 0.1 ha,9.41,245
1998,Saskatchewan,0.11 - 1.0 ha,199.5,352
1998,Saskatchewan,1.1 - 10 ha,827.4,201
1998,Saskatchewan,10 000 - 100 000 ha,625272.0,21
1998,Saskatchewan,10.1 - 100 ha,4504.2,107
1998,Saskatchewan,100.1 - 1 000 ha,21399.0,67
1998,Saskatchewan,1000 - 10 000 ha,125470.0,37
1998,Saskatchewan,Over 100 000,261000.0,2
1998,Saskatchewan,Up to 0.1 ha,24.12,479
1999,Saskatchewan,0.11 - 1.0 ha,87.65,157
1999,Saskatchewan,1.1 - 10 ha,415.01,119
1999,Saskatchewan,10 000 - 100 000 ha,109887.1,5
1999,Saskatchewan,10.1 - 100 ha,2223.9,49
1999,Saskatchewan,100.1 - 1 000 ha,6899.88,24
1999,Saskatchewan,1000 - 10 000 ha,61295.0,20
1999,Saskatchewan,Up to 0.1 ha,11.7,366
2000,Saskatchewan,0.11 - 1.0 ha,75.36,115
2000,Saskatchewan,1.1 - 10 ha,272.03,65
2000,Saskatchewan,10 000 - 100 000 ha,113432.0,4
2000,Saskatchewan,10.1 - 100 ha,1316.79,34
2000,Saskatchewan,100.1 - 1 000 ha,4195.32,16
2000,Saskatchewan,1000 - 10 000 ha,21509.74,9
2000,Saskatchewan,Up to 0.1 ha,4.93,171
2001,Saskatchewan,0.11 - 1.0 ha,131.36,241
2001,Saskatchewan,1.1 - 10 ha,524.4,144
2001,Saskatchewan,10 000 - 100 000 ha,129460.0,6
2001,Saskatchewan,10.1 - 100 ha,3636.25,79
2001,Saskatchewan,100.1 - 1 000 ha,10793.85,33
2001,Saskatchewan,1000 - 10 000 ha,58870.2,15
2001,Saskatchewan,Up to 0.1 ha,12.36,338
2002,Saskatchewan,0.11 - 1.0 ha,134.79,242
2002,Saskatchewan,1.1 - 10 ha,634.2,166
2002,Saskatchewan,10 000 - 100 000 ha,639307.0,23
2002,Saskatchewan,10.1 - 100 ha,4050.36,102
2002,Saskatchewan,100.1 - 1 000 ha,20600.5,54
2002,Saskatchewan,1000 - 10 000 ha,63747.0,20
2002,Saskatchewan,Over 100 000,151126.0,1
2002,Saskatchewan,Up to 0.1 ha,10.19,272
2003,Saskatchewan,0.11 - 1.0 ha,107.12,197
2003,Saskatchewan,1.1 - 10 ha,359.15,97
2003,Saskatchewan,10 000 - 100 000 ha,60199.0,4
2003,Saskatchewan,10.1 - 100 ha,1486.75,37
2003,Saskatchewan,100.1 - 1 000 ha,10594.0,23
2003,Saskatchewan,1000 - 10 000 ha,52909.0,16
2003,Saskatchewan,Up to 0.1 ha,8.73,266
2004,Saskatchewan,0.11 - 1.0 ha,54.01,86
2004,Saskatchewan,1.1 - 10 ha,259.85,74
2004,Saskatchewan,10 000 - 100 000 ha,115322.5,6
2004,Saskatchewan,10.1 - 100 ha,974.3,27
2004,Saskatchewan,100.1 - 1 000 ha,13653.1,31
2004,Saskatchewan,1000 - 10 000 ha,127864.8,33
2004,Saskatchewan,Up to 0.1 ha,3.05,72
2005,Saskatchewan,0.11 - 1.0 ha,42.15,72
2005,Saskatchewan,1.1 - 10 ha,269.5,64
2005,Saskatchewan,10 000 - 100 000 ha,104613.0,5
2005,Saskatchewan,10.1 - 100 ha,1393.9,38
2005,Saskatchewan,100.1 - 1 000 ha,11875.0,25
2005,Saskatchewan,1000 - 10 000 ha,95576.0,26
2005,Saskatchewan,Up to 0.1 ha,3.91,93
2006,Saskatchewan,0.11 - 1.0 ha,50.53,95
2006,Saskatchewan,1.1 - 10 ha,417.2,103
2006,Saskatchewan,10 000 - 100 000 ha,509394.0,17
2006,Saskatchewan,10.1 - 100 ha,1856.0,47
2006,Saskatchewan,100.1 - 1 000 ha,18672.0,42
2006,Saskatchewan,1000 - 10 000 ha,146657.0,42
2006,Saskatchewan,Over 100 000,526674.0,3
2006,Saskatchewan,Up to 0.1 ha,5.81,151
2007,Saskatchewan,0.11 - 1.0 ha,37.63,70
2007,Saskatchewan,1.1 - 10 ha,255.25,70
2007,Saskatchewan,10 000 - 100 000 ha,140373.0,4
2007,Saskatchewan,10.1 - 100 ha,1221.5,26
2007,Saskatchewan,100.1 - 1 000 ha,4552.0,9
2007,Saskatchewan,1000 - 10 000 ha,66428.5,19
2007,Saskatchewan,Up to 0.1 ha,5.24,168
2008,Saskatchewan,0.11 - 1.0 ha,54.47,120
2008,Saskatchewan,1.1 - 10 ha,290.94,92
2008,Saskatchewan,10 000 - 100 000 ha,897767.0,25
2008,Saskatchewan,10.1 - 100 ha,1428.6,43
2008,Saskatchewan,100.1 - 1 000 ha,10677.4,27
2008,Saskatchewan,1000 - 10 000 ha,82776.0,23
2008,Saskatchewan,Over 100 000,137175.0,1
2008,Saskatchewan,Up to 0.1 ha,7.82,267
2009,Saskatchewan,0.11 - 1.0 ha,82.2,143
2009,Saskatchewan,1.1 - 10 ha,327.58,94
2009,Saskatchewan,10.1 - 100 ha,1135.0,30
2009,Saskatchewan,100.1 - 1 000 ha,8466.8,26
2009,Saskatchewan,1000 - 10 000 ha,27541.4,9
2009,Saskatchewan,Up to 0.1 ha,6.39,209
2010,Saskatchewan,0.11 - 1.0 ha,61.64,110
2010,Saskatchewan,1.1 - 10 ha,435.9,108
2010,Saskatchewan,10 000 - 100 000 ha,640753.0,19
2010,Saskatchewan,10.1 - 100 ha,2661.1,61
2010,Saskatchewan,100.1 - 1 000 ha,17019.6,46
2010,Saskatchewan,1000 - 10 000 ha,194054.33,50
2010,Saskatchewan,Over 100 000,879816.0,4
2010,Saskatchewan,Up to 0.1 ha,5.61,173
2011,Saskatchewan,0.11 - 1.0 ha,41.9,72
2011,Saskatchewan,1.1 - 10 ha,251.03,69
2011,Saskatchewan,10 000 - 100 000 ha,305207.0,9
2011,Saskatchewan,10.1 - 100 ha,678.6,20
2011,Saskatchewan,100.1 - 1 000 ha,3721.0,10
2011,Saskatchewan,1000 - 10 000 ha,33817.0,11
2011,Saskatchewan,Up to 0.1 ha,3.46,112
2012,Saskatchewan,0.11 - 1.0 ha,63.4,127
2012,Saskatchewan,1.1 - 10 ha,271.2,72
2012,Saskatchewan,10 000 - 100 000 ha,120883.1,5
2012,Saskatchewan,10.1 - 100 ha,2114.9,47
2012,Saskatchewan,100.1 - 1 000 ha,6592.2,19
2012,Saskatchewan,1000 - 10 000 ha,97575.7,30
2012,Saskatchewan,Up to 0.1 ha,11.0,110
2013,Saskatchewan,0.11 - 1.0 ha,82.8,147
2013,Saskatchewan,1.1 - 10 ha,246.9,66
2013,Saskatchewan,10 000 - 100 000 ha,164134.7,6
2013,Saskatchewan,10.1 - 100 ha,1086.7,29
2013,Saskatchewan,100.1 - 1 000 ha,6665.0,15
2013,Saskatchewan,1000 - 10 000 ha,69156.1,14
2013,Saskatchewan,Over 100 000,122449.8,1
2013,Saskatchewan,Up to 0.1 ha,15.1,151
2014,Saskatchewan,0.11 - 1.0 ha,58.3,96
2014,Saskatchewan,1.1 - 10 ha,361.5,88
2014,Saskatchewan,10 000 - 100 000 ha,238867.9,11
2014,Saskatchewan,10.1 - 100 ha,1577.91,36
2014,Saskatchewan,100.1 - 1 000 ha,10767.27,32
2014,Saskatchewan,1000 - 10 000 ha,91139.1,25
2014,Saskatchewan,Up to 0.1 ha,11.5,115
2015,Saskatchewan,0.11 - 1.0 ha,95.2,189
2015,Saskatchewan,1.1 - 10 ha,418.079667,115
2015,Saskatchewan,10 000 - 100 000 ha,586875.02,24
2015,Saskatchewan,10.1 - 100 ha,2411.12918,54
2015,Saskatchewan,100.1 - 1 000 ha,26903.72884,63
2015,Saskatchewan,1000 - 10 000 ha,204971.5866,61
2015,Saskatchewan,Over 100 000,937037.2052,6
2015,Saskatchewan,Up to 0.1 ha,21.1,211
2016,Saskatchewan,0.11 - 1.0 ha,61.7,117
2016,Saskatchewan,1.1 - 10 ha,318.4,87
2016,Saskatchewan,10 000 - 100 000 ha,219229.11,9
2016,Saskatchewan,10.1 - 100 ha,1744.02,39
2016,Saskatchewan,100.1 - 1 000 ha,7784.0,22
2016,Saskatchewan,1000 - 10 000 ha,25616.27,9
2016,Saskatchewan,Up to 0.1 ha,10.9,119
2017,Saskatchewan,0.11 - 1.0 ha,41.9,82
2017,Saskatchewan,1.1 - 10 ha,183.7,48
2017,Saskatchewan,10 000 - 100 000 ha,187151.3,7
2017,Saskatchewan,10.1 - 100 ha,717.0,18
2017,Saskatchewan,100.1 - 1 000 ha,13680.8,32
2017,Saskatchewan,1000 - 10 000 ha,74196.1,24
2017,Saskatchewan,Over 100 000,123012.8,1
2017,Saskatchewan,Up to 0.1 ha,14.1,141
2018,Saskatchewan,0.11 - 1.0 ha,72.2,136
2018,Saskatchewan,1.1 - 10 ha,420.3,100
2018,Saskatchewan,10 000 - 100 000 ha,48860.0,2
2018,Saskatchewan,10.1 - 100 ha,1472.5,40
2018,Saskatchewan,100.1 - 1 000 ha,8120.4,22
2018,Saskatchewan,1000 - 10 000 ha,96741.3,22
2018,Saskatchewan,Up to 0.1 ha,10.1,111
2019,Saskatchewan,0.11 - 1.0 ha,41.7,78
2019,Saskatchewan,1.1 - 10 ha,141.8,40
2019,Saskatchewan,10 000 - 100 000 ha,18454.1,1
2019,Saskatchewan,10.1 - 100 ha,1213.9,34
2019,Saskatchewan,100.1 - 1 000 ha,3456.4,13
2019,Saskatchewan,1000 - 10 000 ha,24838.2,8
2019,Saskatchewan,Up to 0.1 ha,7.5,83
1990,Yukon,0.11 - 1.0 ha,15.74,34
1990,Yukon,1.1 - 10 ha,85.7,24
1990,Yukon,10 000 - 100 000 ha,152488.78,6
1990,Yukon,10.1 - 100 ha,342.8,12
1990,Yukon,100.1 - 1 000 ha,5125.38,12
1990,Yukon,1000 - 10 000 ha,24831.57,5
1990,Yukon,Up to 0.1 ha,1.95,61
1991,Yukon,0.11 - 1.0 ha,21.15,37
1991,Yukon,1.1 - 10 ha,124.2,33
1991,Yukon,10 000 - 100 000 ha,45583.66,3
1991,Yukon,10.1 - 100 ha,921.8,17
1991,Yukon,100.1 - 1 000 ha,10601.53,21
1991,Yukon,1000 - 10 000 ha,63016.89,22
1991,Yukon,Up to 0.1 ha,1.59,54
1992,Yukon,0.11 - 1.0 ha,12.33,27
1992,Yukon,1.1 - 10 ha,37.0,6
1992,Yukon,10 000 - 100 000 ha,17766.4,1
1992,Yukon,10.1 - 100 ha,669.0,12
1992,Yukon,100.1 - 1 000 ha,2624.42,5
1992,Yukon,1000 - 10 000 ha,16704.92,5
1992,Yukon,Up to 0.1 ha,1.0,60
1993,Yukon,0.11 - 1.0 ha,11.28,22
1993,Yukon,1.1 - 10 ha,119.7,26
1993,Yukon,10 000 - 100 000 ha,71527.08,2
1993,Yukon,10.1 - 100 ha,676.0,11
1993,Yukon,100.1 - 1 000 ha,5933.55,12
1993,Yukon,1000 - 10 000 ha,36834.72,11
1993,Yukon,Up to 0.1 ha,1.98,52
1994,Yukon,0.11 - 1.0 ha,22.55,38
1994,Yukon,1.1 - 10 ha,172.75,42
1994,Yukon,10 000 - 100 000 ha,266439.98,15
1994,Yukon,10.1 - 100 ha,1056.0,23
1994,Yukon,100.1 - 1 000 ha,9549.65,22
1994,Yukon,1000 - 10 000 ha,144466.5,36
1994,Yukon,Up to 0.1 ha,2.96,79
1995,Yukon,0.11 - 1.0 ha,13.0,25
1995,Yukon,1.1 - 10 ha,63.65,17
1995,Yukon,10 000 - 100 000 ha,205061.87,6
1995,Yukon,10.1 - 100 ha,572.19,12
1995,Yukon,100.1 - 1 000 ha,5776.76,11
1995,Yukon,1000 - 10 000 ha,50392.77,13
1995,Yukon,Up to 0.1 ha,2.0,64
1996,Yukon,0.11 - 1.0 ha,16.37,39
1996,Yukon,1.1 - 10 ha,78.0,18
1996,Yukon,10 000 - 100 000 ha,73180.08,4
1996,Yukon,10.1 - 100 ha,583.0,13
1996,Yukon,100.1 - 1 000 ha,7353.02,17
1996,Yukon,1000 - 10 000 ha,9854.88,5
1996,Yukon,Up to 0.1 ha,1.78,53
1997,Yukon,0.11 - 1.0 ha,7.4,19
1997,Yukon,1.1 - 10 ha,68.05,18
1997,Yukon,10.1 - 100 ha,63.0,3
1997,Yukon,100.1 - 1 000 ha,1064.3,5
1997,Yukon,1000 - 10 000 ha,10265.69,3
1997,Yukon,Up to 0.1 ha,1.61,64
1998,Yukon,0.11 - 1.0 ha,28.49,47
1998,Yukon,1.1 - 10 ha,58.7,18
1998,Yukon,10 000 - 100 000 ha,274895.63,9
1998,Yukon,10.1 - 100 ha,887.93,20
1998,Yukon,100.1 - 1 000 ha,4104.21,10
1998,Yukon,1000 - 10 000 ha,63753.81,17
1998,Yukon,Up to 0.1 ha,2.63,77
1999,Yukon,0.11 - 1.0 ha,18.35,37
1999,Yukon,1.1 - 10 ha,71.9,21
1999,Yukon,10 000 - 100 000 ha,105167.37,5
1999,Yukon,10.1 - 100 ha,369.53,13
1999,Yukon,100.1 - 1 000 ha,7152.54,15
1999,Yukon,1000 - 10 000 ha,82035.39,21
1999,Yukon,Up to 0.1 ha,1.4,47
2000,Yukon,0.11 - 1.0 ha,2.95,7
2000,Yukon,1.1 - 10 ha,50.0,11
2000,Yukon,10.1 - 100 ha,112.5,2
2000,Yukon,100.1 - 1 000 ha,2181.33,6
2000,Yukon,1000 - 10 000 ha,5668.15,1
2000,Yukon,Up to 0.1 ha,0.93,28
2001,Yukon,0.11 - 1.0 ha,11.0,19
2001,Yukon,1.1 - 10 ha,75.54,14
2001,Yukon,10 000 - 100 000 ha,14498.83,1
2001,Yukon,10.1 - 100 ha,344.41,10
2001,Yukon,100.1 - 1 000 ha,800.25,2
2001,Yukon,1000 - 10 000 ha,1603.08,1
2001,Yukon,Up to 0.1 ha,1.37,21
2002,Yukon,0.11 - 1.0 ha,9.47,20
2002,Yukon,1.1 - 10 ha,29.1,9
2002,Yukon,10 000 - 100 000 ha,16510.39,1
2002,Yukon,10.1 - 100 ha,111.2,5
2002,Yukon,100.1 - 1 000 ha,1494.21,3
2002,Yukon,1000 - 10 000 ha,18048.79,3
2002,Yukon,Up to 0.1 ha,0.95,28
2003,Yukon,0.11 - 1.0 ha,6.7,13
2003,Yukon,1.1 - 10 ha,16.5,3
2003,Yukon,10.1 - 100 ha,455.0,9
2003,Yukon,100.1 - 1 000 ha,3468.0,8
2003,Yukon,1000 - 10 000 ha,44838.0,10
2003,Yukon,Up to 0.1 ha,1.13,34
2004,Yukon,0.11 - 1.0 ha,16.35,32
2004,Yukon,1.1 - 10 ha,69.53,16
2004,Yukon,10 000 - 100 000 ha,992789.0,46
2004,Yukon,10.1 - 100 ha,1221.3,28
2004,Yukon,100.1 - 1 000 ha,12424.0,30
2004,Yukon,1000 - 10 000 ha,296338.34,66
2004,Yukon,Over 100 000,416803.0,3
2004,Yukon,Up to 0.1 ha,2.57,61
2005,Yukon,0.11 - 1.0 ha,7.4,11
2005,Yukon,1.1 - 10 ha,30.1,9
2005,Yukon,10 000 - 100 000 ha,152100.0,4
2005,Yukon,10.1 - 100 ha,303.0,6
2005,Yukon,100.1 - 1 000 ha,1390.0,2
2005,Yukon,1000 - 10 000 ha,33606.0,7
2005,Yukon,Up to 0.1 ha,1.84,44
2006,Yukon,0.11 - 1.0 ha,9.7,17
2006,Yukon,1.1 - 10 ha,40.3,8
2006,Yukon,10 000 - 100 000 ha,48993.0,3
2006,Yukon,10.1 - 100 ha,344.1,8
2006,Yukon,100.1 - 1 000 ha,3737.0,7
2006,Yukon,1000 - 10 000 ha,41908.0,8
2006,Yukon,Up to 0.1 ha,1.24,29
2007,Yukon,0.11 - 1.0 ha,12.6,27
2007,Yukon,1.1 - 10 ha,98.05,20
2007,Yukon,10 000 - 100 000 ha,13970.0,1
2007,Yukon,10.1 - 100 ha,835.8,17
2007,Yukon,100.1 - 1 000 ha,5146.0,15
2007,Yukon,1000 - 10 000 ha,17644.0,6
2007,Yukon,Up to 0.1 ha,1.31,24
2008,Yukon,0.11 - 1.0 ha,5.02,10
2008,Yukon,1.1 - 10 ha,39.8,12
2008,Yukon,10.1 - 100 ha,629.0,13
2008,Yukon,100.1 - 1 000 ha,3065.0,10
2008,Yukon,1000 - 10 000 ha,9328.0,5
2008,Yukon,Up to 0.1 ha,1.06,26
2009,Yukon,0.11 - 1.0 ha,7.95,18
2009,Yukon,1.1 - 10 ha,55.3,10
2009,Yukon,10 000 - 100 000 ha,182163.4,6
2009,Yukon,10.1 - 100 ha,722.4,15
2009,Yukon,100.1 - 1 000 ha,7881.4,20
2009,Yukon,1000 - 10 000 ha,39680.3,10
2009,Yukon,Up to 0.1 ha,1.6,39
2010,Yukon,0.11 - 1.0 ha,8.1,15
2010,Yukon,1.1 - 10 ha,40.5,8
2010,Yukon,10 000 - 100 000 ha,98745.0,5
2010,Yukon,10.1 - 100 ha,229.3,6
2010,Yukon,100.1 - 1 000 ha,3535.0,11
2010,Yukon,1000 - 10 000 ha,44404.0,9
2010,Yukon,Up to 0.1 ha,1.27,34
2011,Yukon,0.11 - 1.0 ha,5.15,10
2011,Yukon,1.1 - 10 ha,38.5,8
2011,Yukon,10 000 - 100 000 ha,13433.0,1
2011,Yukon,10.1 - 100 ha,211.0,5
2011,Yukon,100.1 - 1 000 ha,1538.0,6
2011,Yukon,1000 - 10 000 ha,25238.0,9
2011,Yukon,Up to 0.1 ha,0.68,17
2012,Yukon,0.11 - 1.0 ha,10.18,23
2012,Yukon,1.1 - 10 ha,81.65,16
2012,Yukon,10.1 - 100 ha,781.52,16
2012,Yukon,100.1 - 1 000 ha,10007.66,27
2012,Yukon,1000 - 10 000 ha,47398.14,17
2012,Yukon,Up to 0.1 ha,1.05,27
2013,Yukon,0.11 - 1.0 ha,14.91,24
2013,Yukon,1.1 - 10 ha,210.88,47
2013,Yukon,10 000 - 100 000 ha,144526.0,5
2013,Yukon,10.1 - 100 ha,1028.2,26
2013,Yukon,100.1 - 1 000 ha,11988.0,26
2013,Yukon,1000 - 10 000 ha,40544.03,13
2013,Yukon,Up to 0.1 ha,1.77,36
2014,Yukon,0.11 - 1.0 ha,1.87,5
2014,Yukon,1.1 - 10 ha,5.245,1
2014,Yukon,10.1 - 100 ha,140.504,4
2014,Yukon,100.1 - 1 000 ha,1082.532,4
2014,Yukon,1000 - 10 000 ha,1929.443,1
2014,Yukon,Up to 0.1 ha,1.0,19
2015,Yukon,0.11 - 1.0 ha,14.14,26
2015,Yukon,1.1 - 10 ha,161.5,36
2015,Yukon,10 000 - 100 000 ha,81635.0,2
2015,Yukon,10.1 - 100 ha,950.35,22
2015,Yukon,100.1 - 1 000 ha,12928.9,28
2015,Yukon,1000 - 10 000 ha,74150.0,20
2015,Yukon,Up to 0.1 ha,1.72,51
2016,Yukon,0.11 - 1.0 ha,3.5,10
2016,Yukon,1.1 - 10 ha,49.15,9
2016,Yukon,10 000 - 100 000 ha,13350.0,1
2016,Yukon,10.1 - 100 ha,75.0,2
2016,Yukon,100.1 - 1 000 ha,392.0,2
2016,Yukon,1000 - 10 000 ha,7667.0,2
2016,Yukon,Up to 0.1 ha,0.75,27
2017,Yukon,0.11 - 1.0 ha,8.51,15
2017,Yukon,1.1 - 10 ha,57.94,16
2017,Yukon,10 000 - 100 000 ha,301558.63,9
2017,Yukon,10.1 - 100 ha,454.33,10
2017,Yukon,100.1 - 1 000 ha,6543.76,16
2017,Yukon,1000 - 10 000 ha,90656.32,25
2017,Yukon,Up to 0.1 ha,0.66,24
2018,Yukon,0.11 - 1.0 ha,5.35,8
2018,Yukon,1.1 - 10 ha,18.5,4
2018,Yukon,10 000 - 100 000 ha,27481.0,1
2018,Yukon,10.1 - 100 ha,68.0,3
2018,Yukon,100.1 - 1 000 ha,4856.0,9
2018,Yukon,1000 - 10 000 ha,48156.0,11
2018,Yukon,Up to 0.1 ha,0.64,15
2019,Yukon,0.11 - 1.0 ha,6.56,15
2019,Yukon,1.1 - 10 ha,65.81,17
2019,Yukon,10 000 - 100 000 ha,63573.0,4
2019,Yukon,10.1 - 100 ha,765.0,12
2019,Yukon,100.1 - 1 000 ha,7390.0,17
2019,Yukon,1000 - 10 000 ha,73055.0,20
2019,Yukon,Over 100 000,111180.0,1
2019,Yukon,Up to 0.1 ha,1.25,31
